repeat,rows,participants_sampled,balanced_accuracy,f1,roc_auc
1,723,14,0.7977373112432828,0.762481089258699,0.9114218742525474
2,622,14,0.8263430533729119,0.7552742616033755,0.9214364705197602
3,746,14,0.7863987083478698,0.7105263157894737,0.8975116224351538
4,704,14,0.8149494310998736,0.7536231884057971,0.9157887343728052
5,676,14,0.8309087075690491,0.7529880478087649,0.9235263998072347
6,553,14,0.8029847041667959,0.705,0.9146163631286649
7,410,14,0.7953095735729214,0.7172413793103448,0.9008713118536414
8,507,14,0.7820478723404256,0.7832699619771863,0.8975594493116393
9,702,14,0.778385170888962,0.656641604010025,0.8901920446230687
10,624,14,0.7960552096486262,0.7479338842975206,0.8934014020115817
11,473,14,0.7893510146674704,0.7202572347266881,0.905244122965642
12,582,14,0.8395453008789723,0.7512437810945274,0.923751972053189
13,763,14,0.803744263662912,0.7942332896461337,0.9159713530802391
14,565,14,0.7913296028222128,0.6836734693877551,0.8929505504531354
15,568,14,0.7955705009276438,0.7041564792176039,0.9052643784786643
16,752,14,0.7841520203143819,0.7234726688102894,0.8992336077206926
17,669,14,0.7967803994794318,0.7539936102236422,0.9112110752749015
18,631,14,0.7901228943958536,0.7811993517017828,0.8868845157110463
19,499,14,0.8070336096651887,0.8195488721804511,0.9106419895893579
20,713,14,0.7996572192960455,0.7519747235387045,0.8958866315525458
21,544,14,0.7647235576923077,0.60625,0.8916579026442307
22,696,14,0.8013539769895119,0.7111111111111111,0.9063609452407353
23,535,14,0.7931929824561403,0.7878787878787878,0.9153122807017544
24,566,14,0.777801458387249,0.6829268292682927,0.8986740550168217
25,463,14,0.8148888381300442,0.7901234567901234,0.919693162783615
26,621,14,0.8045393735295474,0.7384615384615385,0.9115191216496747
27,733,14,0.8202438714996987,0.7731629392971247,0.9167935179018807
28,731,14,0.8110550444834472,0.7994350282485876,0.9050187617260788
29,625,14,0.8114515707376584,0.7642585551330798,0.9097969587381813
30,691,14,0.8079860930482582,0.7753743760399334,0.9043506910125023
31,664,14,0.8004523566321319,0.798219584569733,0.9099846782431051
32,590,14,0.7919370343667387,0.676737160120846,0.9060622446527278
33,651,14,0.8019261494763004,0.7624309392265194,0.8999349073909699
34,679,14,0.7848377192982456,0.7827298050139275,0.9089649122807016
35,496,14,0.7906663400293974,0.7349081364829396,0.8957968782809547
36,540,14,0.8159321066894879,0.7423822714681441,0.9140081459294126
37,577,14,0.7725758193934449,0.6940874035989717,0.8983408132734938
38,636,14,0.8145917001338688,0.7751371115173674,0.9194504114649813
39,815,14,0.8038204110285396,0.8019323671497585,0.9005773280724263
40,401,14,0.8006831131831131,0.6869565217391305,0.9057239057239057
41,728,14,0.786714480874317,0.7128309572301426,0.8994450136612022
42,732,14,0.8172913950456323,0.7631578947368421,0.9129481747066492
43,337,14,0.7626091856861088,0.7619047619047619,0.8854254719639335
44,531,14,0.8088041733547351,0.7357512953367875,0.9089245585874799
45,754,14,0.7968887142749668,0.7051792828685259,0.8969146277240468
46,468,14,0.8163536498936924,0.7108433734939759,0.9208451452870305
47,569,14,0.8086991120790752,0.7327188940092166,0.9114173228346457
48,645,14,0.807559470681827,0.7933884297520661,0.9058267685979278
49,542,14,0.7855839416058394,0.7950530035335689,0.8927443076587864
50,571,14,0.7863914946841777,0.7657992565055762,0.8894183864915571
51,791,14,0.8003400817260977,0.7648725212464589,0.9017623021735947
52,577,14,0.7852982590885816,0.7325842696629213,0.899078341013825
53,649,14,0.8015257192676547,0.7873303167420814,0.9317252736607575
54,564,14,0.8131438221221503,0.7475247524752475,0.9158457641429778
55,727,14,0.8155235373501628,0.7767584097859327,0.9145034532031435
56,525,14,0.8029390776915529,0.774617067833698,0.9034876460619033
57,675,14,0.7977941176470589,0.7096774193548387,0.8917433228435406
58,731,14,0.8208683473389355,0.7602131438721137,0.9115175481957488
59,511,14,0.7949377949377949,0.7984644913627639,0.894159465588037
60,682,14,0.8031451649293805,0.7623931623931623,0.9071431794594106
61,547,14,0.8123791881443299,0.8074074074074075,0.8916988831615119
62,340,14,0.8121428571428572,0.7808219178082192,0.9153214285714286
63,760,14,0.8019345238095238,0.7487684729064039,0.9000744047619048
64,719,14,0.7952052660278881,0.7917808219178082,0.9010049076887123
65,820,14,0.8158059585557143,0.7745664739884393,0.8954245909443985
66,691,14,0.7885794290156173,0.7441860465116279,0.8999010670623985
67,528,14,0.8028918830101873,0.7277777777777777,0.914870193887611
68,626,14,0.7847985347985349,0.6871794871794872,0.9008390258390258
69,497,14,0.806063122923588,0.7666666666666667,0.894874228761272
70,655,14,0.7960826074978278,0.7198275862068966,0.8952253798715748
71,410,14,0.7793514820264873,0.7117437722419929,0.8986230817742276
72,594,14,0.7863191244239631,0.6950819672131148,0.922883064516129
73,715,14,0.8065315046031394,0.7481481481481481,0.9028387449399626
74,697,14,0.8096789303355476,0.7790143084260731,0.9093340146482711
75,521,14,0.8101316217094573,0.7468671679197995,0.8998700032499187
76,597,14,0.831769537083126,0.7669491525423728,0.924054255848681
77,713,14,0.811977503570225,0.7948350071736011,0.9166573065258902
78,441,14,0.8139791152857219,0.7104247104247104,0.9198194889017159
79,709,14,0.8172853624208304,0.7487352445193929,0.9201266713581985
80,638,14,0.7851488609260631,0.7450980392156863,0.8962188502343943
81,452,14,0.8015511042629686,0.7590027700831025,0.9033590138674884
82,629,14,0.8163996948893975,0.7630057803468208,0.9114961316334314
83,494,14,0.7833181928965502,0.652014652014652,0.8863580971794475
84,640,14,0.823542258134964,0.7791164658634538,0.9047931030896744
85,655,14,0.8056481701992537,0.7576923076923077,0.8955703738985472
86,467,14,0.7937318372618662,0.7288135593220338,0.9016185017759123
87,679,14,0.7919705320195216,0.7393715341959335,0.9044888567240067
88,424,14,0.8302700305509018,0.7655786350148368,0.9249778259584114
89,602,14,0.8074829931972789,0.7755102040816326,0.9027496712970902
90,530,14,0.7651537772469394,0.6518518518518519,0.9084614810391162
91,635,14,0.8113200298559888,0.7473903966597077,0.8945710396909027
92,685,14,0.811050358710037,0.7921686746987951,0.9158946855192589
93,698,14,0.7978202867091756,0.734375,0.8967032967032966
94,421,14,0.7802567567567568,0.6942148760330579,0.918
95,565,14,0.7933428291896869,0.7165775401069518,0.9062068370165746
96,624,14,0.8070742426445099,0.7489711934156379,0.9019938941882961
97,617,14,0.8006021756021756,0.7405940594059406,0.9004639151697974
98,673,14,0.8188741846699091,0.7717996289424861,0.9052331938317686
99,564,14,0.7771451483560545,0.6425992779783394,0.9092934153078499
100,498,14,0.7983193277310925,0.7396449704142012,0.9111543564794339
101,610,14,0.8161036036036036,0.7770961145194274,0.9150563063063062
102,412,14,0.7466789818260846,0.6527777777777778,0.8721849447176115
103,610,14,0.8221960553429497,0.7637130801687764,0.9222019428907859
104,692,14,0.7971219627270583,0.788235294117647,0.8883496781585954
105,653,14,0.8091742939458675,0.7716814159292036,0.8940379828704701
106,673,14,0.8215072278060305,0.74609375,0.9148380250670725
107,842,14,0.8169329646130998,0.7424,0.9067125006401393
108,521,14,0.6924823302634397,0.5221238938053098,0.883015635039623
109,722,14,0.7969238790406674,0.749611197511664,0.9026248044838374
110,688,14,0.809185606060606,0.8130311614730878,0.8997311282467533
111,584,14,0.7544279427942795,0.659400544959128,0.8794279427942795
112,562,14,0.7767831425756082,0.6775067750677507,0.9007200788296824
113,539,14,0.8126597722519173,0.7699530516431925,0.9168022310016268
114,645,14,0.8288461538461538,0.7964285714285714,0.9104695304695304
115,496,14,0.7986032835089439,0.7917525773195876,0.9111818998611452
116,691,14,0.813086988045256,0.8064516129032258,0.9065793245316742
117,607,14,0.7962570041966568,0.7412587412587412,0.9021053618737251
118,627,14,0.7988569321533923,0.7949526813880127,0.9005141756801048
119,606,14,0.8002747597277484,0.7578947368421053,0.9063650770125297
120,738,14,0.8143052236258108,0.7851851851851852,0.9255111718068358
121,628,14,0.8436928182572425,0.7796610169491526,0.9143396183527113
122,613,14,0.8202637256702168,0.7673956262425448,0.928766525890562
123,666,14,0.8164414414414414,0.7454909819639278,0.9178435191948705
124,595,14,0.8051683208323863,0.7354260089686099,0.9155239033260095
125,776,14,0.8116263070996148,0.7821380243572396,0.9137314254265272
126,489,14,0.8004276615104641,0.7441860465116279,0.8873157415832574
127,715,14,0.829935891014725,0.7828947368421053,0.9153894954756421
128,661,14,0.7973605078516539,0.7838258164852255,0.900944797119204
129,824,14,0.79863942400726,0.7189952904238619,0.9005224771958389
130,620,14,0.7729522952295229,0.691764705882353,0.8897981903453502
131,458,14,0.8006007751937985,0.7775061124694377,0.9092635658914728
132,568,14,0.8146671980868871,0.7446808510638298,0.9146928201332347
133,743,14,0.8076467213238514,0.7716049382716049,0.9109027494677719
134,700,14,0.8156248968680901,0.8068669527896996,0.9074783010461699
135,704,14,0.8052680652680653,0.7644151565074135,0.9043017588472134
136,614,14,0.7990568685791276,0.7521008403361344,0.9162521753775332
137,690,14,0.8090978811443248,0.7629233511586453,0.9073000642077477
138,761,14,0.8145747527017988,0.6983471074380165,0.9091245115640512
139,716,14,0.8299239126930393,0.8012519561815337,0.921365702679176
140,670,14,0.8170625881332032,0.7555555555555555,0.911921032649962
141,408,14,0.825240919199407,0.7613293051359517,0.9257651170178969
142,521,14,0.8045919419965222,0.8152173913043478,0.8918918918918919
143,713,14,0.7998153719912473,0.7421150278293135,0.9024976066739606
144,618,14,0.8153801843317972,0.7139689578713969,0.9163243838910038
145,533,14,0.7981237023953395,0.7319347319347319,0.8967803910631836
146,579,14,0.8042217426490423,0.7783985102420856,0.9075459204943963
147,652,14,0.8163076073232323,0.7781456953642384,0.9262843276515151
148,694,14,0.8330229278171561,0.7787934186471663,0.9245443367568349
149,529,14,0.8012363122571529,0.696165191740413,0.9028965030024727
150,613,14,0.8053701326486948,0.8050713153724247,0.9218228498074453
151,636,14,0.7783354695561324,0.7149321266968326,0.9160518294324829
152,529,14,0.7902180149168101,0.7854406130268199,0.9032271944922547
153,652,14,0.8297956151802999,0.74364896073903,0.9092648449106379
154,393,14,0.8180523531805235,0.6910569105691057,0.9152990641529907
155,325,14,0.7420166608816383,0.5815602836879432,0.8918199699178526
156,628,14,0.7688640132669984,0.7483443708609272,0.8840796019900496
157,424,14,0.7624340340222294,0.6422018348623854,0.8912998614345942
158,690,14,0.8140197152245345,0.7781456953642384,0.9062694414019716
159,662,14,0.8182369746132752,0.7806563039723662,0.9031157737839309
160,465,14,0.7644656299114898,0.6881028938906752,0.8867358755893788
161,631,14,0.7989814055236533,0.7272727272727273,0.9118471424665026
162,538,14,0.8193826473859844,0.8121442125237192,0.9070912124582869
163,618,14,0.8350074731844558,0.7971274685816876,0.9258726041849833
164,380,14,0.8342566368927204,0.7665505226480837,0.9305654974946314
165,734,14,0.8029295168984748,0.7330677290836654,0.9220923200967547
166,769,14,0.8042922450567621,0.7768115942028986,0.8947295288118166
167,682,14,0.8172636278664573,0.7750865051903114,0.912148243600098
168,794,14,0.8189643782041118,0.7842565597667639,0.9141298028645422
169,676,14,0.8011102328255246,0.7776049766718507,0.9095375826386893
170,545,14,0.8240515892288598,0.8298611111111112,0.9143327397334197
171,625,14,0.8034372586194789,0.7229437229437229,0.9174215293869812
172,582,14,0.8252758410613958,0.7476635514018691,0.9127597644351182
173,688,14,0.7962692234668691,0.7223300970873786,0.8868141256882476
174,729,14,0.8181806899975179,0.7591240875912408,0.9199635972532473
175,683,14,0.7939499185318584,0.8157894736842105,0.8972729611525598
176,557,14,0.7715679619888003,0.6306818181818182,0.8793992872900052
177,816,14,0.8275368864799759,0.7922437673130194,0.9202549432901737
178,644,14,0.8186670082404679,0.7610619469026548,0.9192711669014986
179,637,14,0.8086975914362177,0.802547770700637,0.9028744176826247
180,565,14,0.8101459418824688,0.7797270955165692,0.9109443450760817
181,705,14,0.8116681071737252,0.7593220338983051,0.9046240276577356
182,372,14,0.8057040998217468,0.6046511627906976,0.8973559120617944
183,568,14,0.7965039706860354,0.7526881720430108,0.8931239975484763
184,525,14,0.8280201342281879,0.7142857142857143,0.9157860916749965
185,481,14,0.7834830979888746,0.5918367346938775,0.903692157222324
186,752,14,0.8256828834653305,0.7721739130434783,0.9203475797948079
187,597,14,0.8074080025711072,0.7819548872180451,0.9104588967195427
188,431,14,0.810020573370902,0.7740112994350282,0.8931302831074734
189,822,14,0.8050233106204211,0.7478260869565218,0.9062451969875506
190,491,14,0.8160101249802247,0.7407407407407407,0.9239242208511311
191,582,14,0.7965410628019324,0.7346072186836518,0.910157809983897
192,563,14,0.7740285821034933,0.675,0.8953390622081077
193,566,14,0.8084816612729234,0.7552447552447552,0.9039374325782094
194,659,14,0.8066314731020614,0.748,0.8991452991452992
195,571,14,0.7784304808105309,0.748062015503876,0.8735187852143814
196,628,14,0.797285883214145,0.7296137339055794,0.9057379356945774
197,480,14,0.7893217893217894,0.7239263803680982,0.9068398268398269
198,740,14,0.8304060508856344,0.7299813780260708,0.908816028186049
199,592,14,0.8307619273676715,0.7772727272727272,0.9240196384624034
200,703,14,0.8241909787059085,0.7818499127399651,0.9105922258578452
201,501,14,0.8344029850746268,0.801762114537445,0.928922056384743
202,465,14,0.815204678362573,0.7734806629834254,0.9149317738791423
203,485,14,0.7532902467685076,0.6255506607929515,0.9013396004700351
204,865,14,0.8083137378487795,0.7288888888888889,0.9097476424813943
205,726,14,0.8030741992596169,0.7956104252400549,0.9124186613322297
206,528,14,0.7927545031370168,0.7151898734177216,0.9113202455643257
207,689,14,0.8262723640785131,0.7980132450331126,0.9195587979850617
208,488,14,0.8027282083485967,0.7631578947368421,0.9110715718596822
209,654,14,0.8142610313662946,0.7213822894168467,0.9081716285663654
210,641,14,0.7913425835450459,0.7970588235294118,0.9173930037131132
211,700,14,0.805614355605133,0.7517241379310344,0.9044101501084751
212,671,14,0.776885395306448,0.6872246696035242,0.8884608214751757
213,744,14,0.7765145815150329,0.7408491947291361,0.8787582387817137
214,564,14,0.7801886195328818,0.7840531561461794,0.9111336160516489
215,334,14,0.8177236971484759,0.7380952380952381,0.8993362831858407
216,804,14,0.8105893861579848,0.7476635514018691,0.9053422461346159
217,682,14,0.7998973741949182,0.7687074829931972,0.9089638332507608
218,679,14,0.8216842568161828,0.8090225563909774,0.9295250659630606
219,611,14,0.8179116828405928,0.7341176470588235,0.9149552395997893
220,699,14,0.7943896165033038,0.7717231222385862,0.9052774928966526
221,680,14,0.8001608483259859,0.717434869739479,0.9112256245283767
222,714,14,0.8217629595798127,0.7692307692307693,0.9170451565975659
223,597,14,0.7964653271257045,0.73568281938326,0.891092869394756
224,648,14,0.7957970929893177,0.6863636363636364,0.8927091238106357
225,691,14,0.7820542121863144,0.627906976744186,0.8855990309457422
226,530,14,0.8137815927515498,0.7967806841046278,0.9171110244071617
227,464,14,0.7828899490579768,0.7209302325581395,0.8881094849195439
228,709,14,0.7959542726129253,0.8078947368421052,0.8984667314152881
229,558,14,0.8034097589653145,0.7837837837837838,0.9192370501012477
230,497,14,0.7682850918145037,0.6292134831460674,0.8873771730914588
231,580,14,0.770475010719901,0.8071216617210683,0.9013173567106578
232,721,14,0.8181140927895513,0.7900466562986003,0.915397295883593
233,856,14,0.8253901295023451,0.7702888583218707,0.9251718339774034
234,605,14,0.8131307833951006,0.7654320987654321,0.9150642146236858
235,801,14,0.7991354031638958,0.7920298879202988,0.9120175184686442
236,574,14,0.7830846446011936,0.7117794486215538,0.9060906131307651
237,599,14,0.797023764426598,0.727735368956743,0.9047907669772962
238,702,14,0.7965970674583269,0.783625730994152,0.9015633095122573
239,675,14,0.791972920696325,0.7300884955752213,0.9145551257253386
240,766,14,0.7989283349884144,0.7871485943775101,0.9054259075361359
241,581,14,0.8140725923069507,0.7955801104972375,0.9116697194639931
242,471,14,0.8003452953508448,0.7278481012658228,0.9168619229662515
243,487,14,0.8154300479881875,0.7559055118110236,0.9144149132521225
244,530,14,0.8089178785286569,0.7576470588235295,0.89606501283148
245,532,14,0.7736529622063331,0.6963788300835655,0.889954673135853
246,495,14,0.7885991210438457,0.7488151658767772,0.8970803665724117
247,643,14,0.8006037985664064,0.7056277056277056,0.8928799707802584
248,680,14,0.815450861195542,0.7361419068736141,0.9156940222897668
249,643,14,0.8075522204669123,0.7375565610859729,0.9150430050903985
250,669,14,0.7915231534634519,0.6939655172413793,0.8945656333716036
251,584,14,0.8091093806889585,0.8068965517241379,0.8931562195365444
252,536,14,0.8196612634190155,0.7940552016985138,0.9251956716992431
253,795,14,0.8103099730458221,0.8050955414012739,0.9012294665107053
254,627,14,0.8034426229508196,0.7208791208791209,0.8924590163934425
255,734,14,0.8120770074995427,0.7892503536067893,0.9177108103164442
256,347,14,0.827113309352518,0.7932203389830509,0.9326577199778638
257,510,14,0.7811525743977326,0.6847457627118644,0.9128389230042513
258,464,14,0.7710622710622711,0.7206703910614525,0.8863884342607746
259,697,14,0.7924644371003664,0.7294520547945206,0.8950625044902653
260,678,14,0.7895984109502832,0.710172744721689,0.8917459880427943
261,601,14,0.7973550307219662,0.7397849462365591,0.8996255760368663
262,612,14,0.7776253069478549,0.6043613707165109,0.8978445439517229
263,748,14,0.8095776772247361,0.7795620437956204,0.9024117942803063
264,573,14,0.8203737191078964,0.7911646586345381,0.9134393208760296
265,641,14,0.8133730960195237,0.7586206896551724,0.9213477236388118
266,411,14,0.7845493667171989,0.7478260869565218,0.9023424128319234
267,622,14,0.8303834808259587,0.7807933194154488,0.9169460087601681
268,367,14,0.6995205479452056,0.5121951219512195,0.8706849315068493
269,635,14,0.8084809447128287,0.756043956043956,0.9057434245840044
270,559,14,0.8233851436279469,0.7282051282051282,0.9196633863699071
271,691,14,0.8102625802093888,0.799396681749623,0.9085275244849712
272,717,14,0.8084412537537538,0.8011444921316166,0.8912975475475475
273,666,14,0.7747668997668997,0.6742081447963801,0.877978502978503
274,610,14,0.819970427259887,0.7932960893854749,0.9219081038135593
275,637,14,0.8008898776418243,0.7164179104477612,0.90899185035527
276,652,14,0.8047374234775517,0.7417475728155339,0.8933899057470553
277,546,14,0.7719429118342529,0.7235023041474654,0.882881995270803
278,779,14,0.8090003328063898,0.7673343605546995,0.9083742407854231
279,684,14,0.8140765765765765,0.754863813229572,0.9070852102102103
280,630,14,0.8077758272534474,0.7986906710310966,0.9048899532212402
281,530,14,0.7887909192257019,0.7716535433070866,0.8931937627589801
282,723,14,0.8230151268404882,0.7637655417406749,0.9170961838725384
283,622,14,0.79578763736569,0.7414829659318637,0.9057524139693545
284,580,14,0.7838167862838916,0.7401247401247402,0.8927432216905902
285,560,14,0.8218537414965986,0.7300771208226221,0.9116861030126336
286,703,14,0.8090111642743222,0.7765451664025357,0.9086460169562663
287,557,14,0.7912008281573499,0.7378190255220418,0.9090131124913734
288,752,14,0.820390438247012,0.7504488330341114,0.912828685258964
289,611,14,0.8192542372881356,0.7777777777777778,0.9019661016949152
290,633,14,0.815950535673581,0.7364016736401674,0.9064850695235924
291,652,14,0.8051361941179247,0.8065476190476191,0.9116366897984234
292,523,14,0.7851328903654484,0.7470997679814385,0.90193295077016
293,562,14,0.8287323551908768,0.7692307692307693,0.9174049092552674
294,751,14,0.8122059251766365,0.7563291139240507,0.908417245237329
295,748,14,0.8206165025785279,0.7958271236959762,0.9079201828410689
296,624,14,0.8096759675967597,0.7489711934156379,0.9139851485148514
297,527,14,0.8017648302099478,0.717607973421927,0.9263068902353107
298,774,14,0.8322637927425234,0.778816199376947,0.920892494929006
299,595,14,0.8197099538562953,0.7331786542923434,0.9032827949901121
300,782,14,0.8013193145630086,0.7361344537815127,0.9015460604703894
301,419,14,0.8144460193716041,0.7808988764044944,0.9153791637136782
302,641,14,0.8092680986475735,0.744466800804829,0.9119632759250899
303,648,14,0.790984368729629,0.7560521415270018,0.9010835201190209
304,528,14,0.8332827362882007,0.7594202898550725,0.9212709977737301
305,619,14,0.8094573151380514,0.7900355871886121,0.9022744102401354
306,708,14,0.8074010098325803,0.7742899850523169,0.9146209806005847
307,626,14,0.7968818061088978,0.7632027257240205,0.9108100929614873
308,568,14,0.7978142755902575,0.7950530035335689,0.8989941689149705
309,578,14,0.8058596446736266,0.7132530120481928,0.899587190216549
310,701,14,0.8212972522595954,0.758220502901354,0.9205745440055063
311,797,14,0.824072894099656,0.7563884156729132,0.9069354176401455
312,510,14,0.7879534366999952,0.7489177489177489,0.895554589511987
313,531,14,0.8051485209091743,0.753315649867374,0.9247147358438618
314,723,14,0.8252753831417625,0.7900826446280992,0.9075431034482759
315,596,14,0.8019466275586307,0.7383863080684596,0.9137241630002882
316,727,14,0.7869918306182626,0.7380952380952381,0.9091619535618183
317,535,14,0.7741308399203136,0.6914285714285714,0.9003116766274661
318,544,14,0.8179858128013957,0.7267441860465116,0.9249000148126203
319,586,14,0.7804447413628555,0.7532956685499058,0.8715045810269135
320,527,14,0.8072133549232785,0.6870748299319728,0.9140643071940782
321,650,14,0.817381338094136,0.7319148936170212,0.9117047420680839
322,477,14,0.8215412990568909,0.770949720670391,0.9058982354730757
323,454,14,0.7879840874233128,0.6920152091254753,0.9052674463190182
324,766,14,0.8113354037267081,0.7549019607843137,0.8985137533274179
325,548,14,0.7717468993062855,0.7227272727272728,0.8850536052133698
326,808,14,0.8143207256373329,0.7864864864864864,0.905732838121226
327,550,14,0.8128429767979205,0.7786885245901639,0.9206425614435627
328,446,14,0.7980600889461292,0.7926267281105991,0.8951160123156179
329,671,14,0.7907812806651323,0.7954866008462623,0.905618298274724
330,597,14,0.7368524394458232,0.5866666666666667,0.8758757186390624
331,658,14,0.8179530201342282,0.8098159509202454,0.9131991051454138
332,711,14,0.8011865497546456,0.7855072463768116,0.8971603249939668
333,586,14,0.8073377581120944,0.7638603696098563,0.903429203539823
334,598,14,0.8388183115703551,0.7992202729044834,0.928766056831452
335,676,14,0.8289811643835616,0.810126582278481,0.9145084189497716
336,636,14,0.8235150205404744,0.7941176470588235,0.9051570352399106
337,708,14,0.7945983058059025,0.6937901498929336,0.901123660697018
338,548,14,0.8097988505747127,0.7563805104408353,0.9035057471264367
339,584,14,0.822317980054188,0.7253333333333334,0.9096817893583904
340,670,14,0.7973773265651438,0.7666666666666667,0.8994979033325976
341,714,14,0.8086654724585759,0.7893175074183977,0.9073475785298446
342,650,14,0.8110905872392826,0.7920133111480865,0.905372123451089
343,573,14,0.8112928148338914,0.7674943566591422,0.9092325521503992
344,607,14,0.8072118360777516,0.7310344827586207,0.9166274606908504
345,597,14,0.7819327006039689,0.6254545454545455,0.9116652286453839
346,673,14,0.815688187781211,0.7906197654941374,0.9147919264198332
347,652,14,0.7855548754649466,0.8114754098360656,0.903121615895287
348,585,14,0.7976190476190477,0.7554671968190855,0.9061993218339967
349,734,14,0.8117276166456494,0.7877947295423023,0.9131185754136574
350,568,14,0.7948113207547169,0.7432150313152401,0.8814527241891033
351,440,14,0.7863873047359287,0.7853881278538812,0.8876973303578808
352,570,14,0.8015999785237782,0.745,0.9159608595857773
353,587,14,0.7987004431668463,0.7695167286245354,0.9011857707509882
354,782,14,0.8305483082079335,0.7971428571428572,0.9183498300373986
355,553,14,0.8172817748289447,0.752,0.9176416575338409
356,459,14,0.8122475908672877,0.7704485488126649,0.907793194449998
357,541,14,0.8208935145851033,0.7887931034482759,0.917941093174738
358,591,14,0.7856141498633146,0.7702702702702703,0.8975326526320708
359,537,14,0.7976284825946474,0.7344913151364765,0.893479851246723
360,585,14,0.7938636363636363,0.7295918367346939,0.9158831168831169
361,602,14,0.8266394004763271,0.7555555555555555,0.9222539496489894
362,520,14,0.7884246479202732,0.7379679144385026,0.8998268843868432
363,660,14,0.8296315949060037,0.8013698630136986,0.9143988781079442
364,725,14,0.8109088335721741,0.7287128712871287,0.9034463846575729
365,488,14,0.7812993854258121,0.6990291262135923,0.9053750853575262
366,522,14,0.7700807582571692,0.7013698630136986,0.8849557522123894
367,686,14,0.797725218851838,0.743859649122807,0.896448164748195
368,634,14,0.8138857782754759,0.7635658914728682,0.9013277875539915
369,511,14,0.8105390925832915,0.7555555555555555,0.9189519504436634
370,810,14,0.8089173967459324,0.7861715749039693,0.9163829787234044
371,580,14,0.7923752465299744,0.7544204322200393,0.9069326089383396
372,497,14,0.839177467842886,0.6666666666666666,0.9156276181558325
373,594,14,0.7985753424657535,0.7448559670781894,0.8936377473363775
374,693,14,0.8021860328638497,0.7142857142857143,0.9108079029733959
375,444,14,0.6906497035573123,0.5342465753424658,0.9281435276679841
376,529,14,0.814304523652779,0.7556675062972292,0.9055456283896047
377,586,14,0.7757795698924731,0.690176322418136,0.9008198924731183
378,463,14,0.8127434938444756,0.7758186397984886,0.9194911952625838
379,557,14,0.8213277390008626,0.8081180811808119,0.9143204454552585
380,840,14,0.8203102998028624,0.7491961414790996,0.9140402980107017
381,578,14,0.8041642927435645,0.6713286713286714,0.9181643963329362
382,714,14,0.7852941176470588,0.6720647773279352,0.8814206074586697
383,519,14,0.7985436893203883,0.7641921397379913,0.9001541069502235
384,583,14,0.779492989661521,0.7781569965870307,0.897099088892036
385,721,14,0.8081544466127684,0.7110187110187111,0.9107239104172474
386,465,14,0.8429349354981313,0.7932960893854749,0.9265964714865571
387,675,14,0.822431536717251,0.7611650485436893,0.911051030098649
388,500,14,0.7809626075962521,0.7202380952380952,0.9122603439616205
389,609,14,0.7865069646410531,0.6818181818181818,0.925363538956069
390,684,14,0.8304110833522598,0.7860869565217391,0.9255053372700432
391,650,14,0.8141908261326012,0.766859344894027,0.9066361140272955
392,641,14,0.8125616006307905,0.7952622673434856,0.9104573230829883
393,800,14,0.8020542449045097,0.7803030303030303,0.9207575028085379
394,649,14,0.8105809901597668,0.7403846153846154,0.9193933682526463
395,632,14,0.7973731440691794,0.7397849462365591,0.8982542013379019
396,448,14,0.8023809523809524,0.7528089887640449,0.8999574829931972
397,630,14,0.7981447124304266,0.7530864197530864,0.9114126689636894
398,607,14,0.7861781609195402,0.7361702127659574,0.9011379310344827
399,517,14,0.7865266034043495,0.6787878787878788,0.8921094413469703
400,433,14,0.7966763132508989,0.7637362637362637,0.907590107866351
401,579,14,0.7669744229569557,0.7211740041928721,0.8658889582033686
402,788,14,0.8089374270476632,0.8180737217598097,0.908155829415672
403,777,14,0.7835043295322885,0.6976744186046512,0.8907326666260138
404,473,14,0.7879870618324056,0.7437185929648241,0.8879005566420941
405,627,14,0.8002392344497608,0.7253668763102725,0.9098807261738513
406,553,14,0.8133317602642756,0.7157894736842105,0.9016831838917729
407,785,14,0.7914320595612958,0.7636363636363637,0.8982294390777605
408,574,14,0.8105459770114942,0.7208121827411168,0.9077442528735632
409,615,14,0.8149591451917033,0.7149122807017544,0.9108359522313012
410,564,14,0.8231113765303075,0.7485714285714286,0.9173783218871305
411,790,14,0.7771119042266187,0.7106598984771574,0.8872316209532374
412,739,14,0.8393041138023837,0.8033057851239669,0.9271587850826606
413,736,14,0.8180473980367191,0.7508771929824561,0.9108884051423172
414,531,14,0.8173165560471977,0.765,0.9122265240904621
415,640,14,0.8232471894085764,0.6979166666666666,0.9106964561262465
416,481,14,0.8219611731950113,0.7652173913043478,0.9077005225218354
417,642,14,0.8059792166266986,0.7457627118644068,0.9124966693312017
418,648,14,0.801102333623086,0.7975077881619937,0.89814399113548
419,541,14,0.7854653246034072,0.6966966966966966,0.8994755529496075
420,555,14,0.7993506857767929,0.7432432432432432,0.9070484952177938
421,525,14,0.8116250221513379,0.7917525773195876,0.9170801583082285
422,669,14,0.8150853714813105,0.7862969004893964,0.9185786802030457
423,558,14,0.8318452380952381,0.7974137931034483,0.9261583011583011
424,498,14,0.7854427372089339,0.7240356083086054,0.9173662812186494
425,587,14,0.7931548701534881,0.7525562372188139,0.907701074173759
426,460,14,0.7955089992524582,0.7764705882352941,0.9056372314120873
427,786,14,0.7908112534362755,0.7946537059538274,0.9029849291298668
428,604,14,0.7937175166351864,0.7237163814180929,0.9017196893942202
429,463,14,0.7690106219269601,0.76,0.8791615058364299
430,750,14,0.7974440689108175,0.7941567065073041,0.9076449277951252
431,549,14,0.7831168831168831,0.6723646723646723,0.9026795988821306
432,668,14,0.7835932626325639,0.6973684210526315,0.8898107714701601
433,607,14,0.8095471014492754,0.7433628318584071,0.8975845410628019
434,698,14,0.8154471474999356,0.7785234899328859,0.903315983089944
435,650,14,0.7982815794213309,0.7244094488188977,0.9032514381972475
436,608,14,0.7978341035335854,0.7419354838709677,0.9115436680203519
437,597,14,0.7771566597653554,0.7531083481349912,0.8901196227283183
438,692,14,0.7823490507314037,0.6954643628509719,0.8944327731092436
439,717,14,0.8243327001094726,0.7951807228915663,0.9118987056474981
440,686,14,0.7987462058498895,0.7774193548387097,0.8993429221854304
441,557,14,0.7963052208835342,0.7581699346405228,0.9171887550200802
442,661,14,0.8242254057932024,0.7196467991169978,0.9252533405075778
443,667,14,0.8018805518805519,0.759493670886076,0.9026838026838027
444,442,14,0.7950467059980335,0.8109243697478992,0.8897082923631596
445,569,14,0.7997039260220635,0.7368421052631579,0.8909528444732857
446,545,14,0.7952615325226791,0.7716535433070866,0.9122204759147434
447,563,14,0.8001512163050624,0.7621052631578947,0.9019329388560159
448,728,14,0.8073863636363636,0.7684729064039408,0.9132496843434341
449,757,14,0.8200726716940867,0.7913043478260869,0.8995789655818783
450,737,14,0.8099865555654049,0.8110964332892999,0.8989008066660755
451,680,14,0.8208205562017553,0.803076923076923,0.9041186422755629
452,642,14,0.7983322856918362,0.7894736842105263,0.910220397579948
453,609,14,0.8054200013013209,0.7915194346289752,0.8968269460168738
454,545,14,0.8248333478881029,0.7713004484304933,0.9154513434052338
455,677,14,0.8020971302428256,0.7909774436090226,0.8914172185430462
456,647,14,0.7981293395306134,0.8200836820083682,0.9064574128268394
457,666,14,0.7872948590313344,0.7114093959731543,0.906397216548808
458,522,14,0.8122015915119363,0.7218543046357616,0.928052684533065
459,609,14,0.8052163124393139,0.8083735909822867,0.8992879490775705
460,468,14,0.7931791569086651,0.787746170678337,0.8958028395784543
461,428,14,0.8187372256287213,0.7989821882951654,0.9164445036879055
462,747,14,0.8052539648696965,0.7246376811594203,0.9102307578764371
463,637,14,0.7967345235037246,0.7385892116182573,0.9071731312612381
464,441,14,0.7760290867978827,0.6912442396313364,0.9382547921270363
465,590,14,0.7829055321143928,0.6705539358600583,0.8903832630098452
466,687,14,0.8126962070917606,0.794912559618442,0.9084967320261439
467,616,14,0.8080308091850438,0.7664233576642335,0.9063627182224786
468,348,14,0.8177604040543813,0.7786259541984732,0.918912374165427
469,710,14,0.804383618028401,0.7486818980667839,0.8952030596144611
470,814,14,0.7983264996203493,0.7909887359198998,0.8926772968868641
471,710,14,0.7917099882165384,0.7278797996661102,0.8950838705205517
472,646,14,0.7772366157271531,0.6397984886649875,0.8874987349458556
473,761,14,0.8029733424470267,0.7924528301886793,0.8987194330910764
474,634,14,0.8046709597741708,0.7377049180327869,0.9031514643613268
475,473,14,0.8040087602361454,0.7554347826086957,0.9006284517234813
476,570,14,0.7942294973544973,0.7245657568238213,0.9002700617283951
477,607,14,0.8149630935049677,0.7360406091370558,0.9149362756366052
478,667,14,0.8268912972464019,0.7791741472172352,0.9258757518110721
479,652,14,0.8142566272756308,0.76953125,0.9078868572341106
480,603,14,0.8275079699712053,0.7452830188679245,0.9195932743726862
481,410,14,0.7956802444493729,0.7539936102236422,0.9082575589561617
482,734,14,0.828585762180946,0.7697715289982425,0.907202114382204
483,630,14,0.8249212630218848,0.7511111111111111,0.9036005583691928
484,543,14,0.7864154471252383,0.6787003610108303,0.9201395131422818
485,649,14,0.7895030264415419,0.7189542483660131,0.9005946692152491
486,573,14,0.8033676849466322,0.7488789237668162,0.9066722750933277
487,682,14,0.7690687229222147,0.6103896103896104,0.8947891410628404
488,615,14,0.7981759955444165,0.7370786516853932,0.9021512113617378
489,631,14,0.7904056630041337,0.7396226415094339,0.8845980852020818
490,546,14,0.8208881368918401,0.746268656716418,0.9282499042267911
491,708,14,0.8127906976744186,0.7593582887700535,0.9199569336778639
492,748,14,0.8007782392337337,0.7620481927710844,0.8920043401803419
493,510,14,0.8156682027649769,0.8048780487804879,0.9108907818585239
494,638,14,0.8076839826839828,0.8115501519756839,0.898642266824085
495,724,14,0.8079225352112676,0.7689969604863222,0.901904609475032
496,529,14,0.802003410059676,0.6746268656716418,0.8915452759553726
497,559,14,0.8156408179793481,0.629757785467128,0.9162785989066613
498,581,14,0.8049654696132598,0.7263157894736842,0.9187845303867402
499,428,14,0.7896798100605765,0.7726161369193154,0.8931590742672021
500,598,14,0.8111376041703192,0.7736943907156673,0.90797947567119
501,667,14,0.820990937746257,0.7608286252354048,0.904688731284476
502,407,14,0.7344103633114949,0.6166666666666667,0.8704288266825492
503,694,14,0.8073696769456682,0.74373795761079,0.9103432452276066
504,486,14,0.7970760233918128,0.7353760445682451,0.8983570036201615
505,697,14,0.8093708870755462,0.7603833865814696,0.8942791962797227
506,435,14,0.796451355661882,0.7522388059701492,0.9146951975899345
507,638,14,0.7936902966314732,0.6733668341708543,0.903921568627451
508,562,14,0.7856387478849408,0.6979472140762464,0.9104725646603822
509,613,14,0.7492966714048803,0.625,0.9038438758588013
510,478,14,0.8079099597585513,0.7218543046357616,0.9148432260228034
511,592,14,0.7955649315606143,0.7413793103448276,0.9045650787420891
512,715,14,0.7808323683139808,0.7994891443167306,0.8961065381365215
513,612,14,0.8269230769230769,0.7125890736342043,0.9188980569603407
514,694,14,0.7919639895759298,0.7125506072874493,0.8952286188107084
515,523,14,0.7691853493695724,0.6602564102564102,0.8896660731804804
516,652,14,0.8044951489444688,0.7692307692307693,0.9100287650528986
517,528,14,0.7997386552625326,0.7362924281984334,0.8950978062881128
518,562,14,0.787957466050148,0.7074468085106383,0.9074346893825576
519,699,14,0.7987260363755531,0.8060109289617486,0.9117073570375225
520,645,14,0.7939104761483513,0.7166276346604216,0.9015856867992127
521,561,14,0.7992608921161826,0.77882797731569,0.8987551867219916
522,660,14,0.8013044711220343,0.7248908296943232,0.9182657466049091
523,735,14,0.8205439611365016,0.7700534759358288,0.9210744990252167
524,621,14,0.7805502995900346,0.6742857142857143,0.9110690633869443
525,496,14,0.8161290322580645,0.7692307692307693,0.9034686090877558
526,747,14,0.8130145313919082,0.7906976744186046,0.9060586529165324
527,606,14,0.7942148943724481,0.7758620689655172,0.89560402982425
528,539,14,0.8030305243172192,0.7559808612440191,0.9002044691105594
529,766,14,0.7904456389804058,0.7425897035881436,0.8834026934859257
530,536,14,0.809452736318408,0.7608200455580866,0.9098834187272592
531,565,14,0.8017957907579686,0.7900355871886121,0.9230466168471355
532,511,14,0.8061303901800558,0.7223719676549866,0.9090700060136546
533,466,14,0.7991270064770488,0.7764705882352941,0.9127194217591288
534,649,14,0.7792050944224858,0.7359154929577465,0.899948097576556
535,591,14,0.814321444106133,0.7718631178707225,0.9086438548161035
536,761,14,0.8022685146179123,0.7823613086770982,0.914588423624568
537,770,14,0.7880777784456332,0.7147540983606557,0.896743703792751
538,608,14,0.8205444237067296,0.7654320987654321,0.9133007007782512
539,325,14,0.7738312082574378,0.6710526315789473,0.9194495041489577
540,455,14,0.7854282536151279,0.6949152542372882,0.8933926585094549
541,485,14,0.7917619661496236,0.6962457337883959,0.9128373601696678
542,599,14,0.8176300249829662,0.7947269303201506,0.901919146036793
543,721,14,0.8099712997129971,0.7620689655172413,0.9029192291922918
544,718,14,0.8041587602783049,0.7831325301204819,0.9014073371283997
545,566,14,0.7833426651735722,0.710997442455243,0.8976063829787233
546,485,14,0.8168073512127364,0.7785888077858881,0.9058482031556077
547,653,14,0.8162419029414888,0.7534883720930232,0.9225655729000742
548,650,14,0.7717260025041828,0.676923076923077,0.8749792241465278
549,417,14,0.795291514041514,0.7290322580645161,0.895960520960521
550,651,14,0.8000208855472013,0.7549407114624506,0.9001869753749453
551,563,14,0.7591125499904781,0.608,0.8971434012569035
552,664,14,0.8094744940229612,0.7495559502664298,0.9000867952814929
553,641,14,0.7914417972006493,0.7201834862385321,0.9024285902329867
554,625,14,0.8018150902423535,0.8199121522693997,0.9009075451211768
555,632,14,0.8107881896213983,0.7178329571106095,0.9098787857202218
556,452,14,0.7973631684000421,0.7446153846153846,0.9060615610883496
557,588,14,0.8060626383207028,0.7272727272727273,0.9036281939507748
558,701,14,0.8171951283531944,0.7657342657342657,0.9187971372075525
559,631,14,0.8000062437562439,0.6976744186046512,0.9060564435564434
560,710,14,0.8248650116450302,0.7121951219512195,0.9203855914944281
561,720,14,0.7922667050691243,0.7117903930131004,0.9152505760368665
562,583,14,0.8022738961134377,0.7629310344827587,0.9092155854333506
563,631,14,0.7974620034753666,0.6915887850467289,0.8896815878998507
564,661,14,0.8079459281239696,0.8181818181818182,0.9210993882111588
565,556,14,0.8131651766709238,0.7854251012145749,0.912343018305662
566,615,14,0.8237229894219791,0.8021778584392014,0.9079001227998363
567,563,14,0.812658899784874,0.7460674157303371,0.9161847288575979
568,669,14,0.7833063646170442,0.8147174770039421,0.8909205321826683
569,583,14,0.7935858393604873,0.7372881355932204,0.8808526836695851
570,773,14,0.7917079022342179,0.7174280879864636,0.8915579547158494
571,636,14,0.8115193903648416,0.7683168316831683,0.9095777441411347
572,533,14,0.8057926829268293,0.7619047619047619,0.9150356930398573
573,696,14,0.8149623022193905,0.7653429602888087,0.9129676825599093
574,631,14,0.8132890212098134,0.7390300230946882,0.9152530637679153
575,561,14,0.8248382870711537,0.775330396475771,0.9262670924424794
576,462,14,0.789766081871345,0.6666666666666666,0.9018518518518519
577,563,14,0.8313920909382004,0.7904967602591793,0.9144118902764435
578,676,14,0.7963464955874823,0.7145790554414785,0.9011977550876981
579,597,14,0.8133108646807277,0.760914760914761,0.9176270203667464
580,448,14,0.8416770963704632,0.7205387205387206,0.9303210645960511
581,631,14,0.7827010047680438,0.7672552166934189,0.9023778828248102
582,568,14,0.8286621315192744,0.79296875,0.9243926141885326
583,724,14,0.8141030431353011,0.7536231884057971,0.9060821189853449
584,623,14,0.7967139479905437,0.7219512195121951,0.9060874704491726
585,778,14,0.7838321362064379,0.7852760736196319,0.9083599361532322
586,485,14,0.7927477477477478,0.7440633245382586,0.902972972972973
587,561,14,0.7970487282541732,0.7135678391959799,0.8961627599964797
588,521,14,0.7918827415359208,0.7213114754098361,0.9033030553261767
589,402,14,0.7233370427540654,0.5783132530120482,0.8943533043759199
590,635,14,0.8220041037960113,0.7225130890052356,0.9098040687636062
591,797,14,0.8145258449431578,0.7939560439560439,0.9049831459954115
592,654,14,0.8221197632058288,0.8076311605723371,0.9025121432908318
593,697,14,0.8017425115207373,0.7163561076604554,0.8931835637480797
594,866,14,0.8086387750180853,0.7296511627906976,0.8923740053050399
595,587,14,0.7917861181978381,0.7185929648241206,0.9090897135793377
596,596,14,0.8169196361260491,0.750561797752809,0.900487510680002
597,314,14,0.7835106382978723,0.7116564417177914,0.9368955512572534
598,572,14,0.8047745358090186,0.7336244541484717,0.9173365979732028
599,702,14,0.8084431261640339,0.7617391304347826,0.9081361661033318
600,540,14,0.7930251143241923,0.7374005305039788,0.9168874221189562
601,702,14,0.792022792022792,0.8063660477453581,0.9005689888880771
602,749,14,0.79881122844699,0.7604790419161677,0.9010500566791956
603,696,14,0.8162774725274725,0.7820299500831946,0.9139337225274725
604,621,14,0.8081214208921166,0.7635658914728682,0.9105908682010664
605,659,14,0.8171768377791564,0.7764705882352941,0.9107669044665012
606,545,14,0.7980735607337,0.7052631578947368,0.9016753027942906
607,734,14,0.8091299019607843,0.7159090909090909,0.9061624649859945
608,654,14,0.8056057347670251,0.7827529021558872,0.9029581839904421
609,610,14,0.7702808163913175,0.6631016042780749,0.8898162722715307
610,477,14,0.8277777777777777,0.7326732673267327,0.9123673380983321
611,692,14,0.8075232730033162,0.7161572052401747,0.906568380678413
612,416,14,0.8028996956248984,0.7908163265306123,0.8998117986012688
613,573,14,0.7996213077505681,0.7623126338329764,0.9072203988891694
614,768,14,0.8071694437680453,0.782608695652174,0.904400459178349
615,461,14,0.82116434202547,0.7704485488126649,0.916151202749141
616,709,14,0.8239823802920303,0.799373040752351,0.911697528346521
617,537,14,0.7757309941520468,0.7155963302752294,0.8793972109761583
618,616,14,0.8165190604543704,0.7797270955165692,0.9047582375268166
619,570,14,0.8225549255846917,0.796078431372549,0.9069175863116331
620,579,14,0.8058926019704681,0.7644628099173554,0.8853819348692621
621,647,14,0.8103845313957874,0.7746741154562383,0.9168006670240009
622,636,14,0.8077915376676986,0.749034749034749,0.9002085483316133
623,487,14,0.7536307961504811,0.6258992805755396,0.8869860017497813
624,547,14,0.7951752548526743,0.757201646090535,0.9016617790811339
625,796,14,0.8020564516129032,0.7533632286995515,0.9030779569892473
626,804,14,0.8066480186480187,0.8090154211150652,0.9224926184926183
627,624,14,0.7942708333333333,0.7121212121212122,0.9167992862654322
628,778,14,0.8069996674238082,0.7564935064935064,0.9071617098661912
629,677,14,0.7860594145915247,0.8031914893617021,0.9150808213193534
630,733,14,0.7950276814818648,0.7085714285714285,0.9022179679550197
631,596,14,0.8001177024482109,0.7619047619047619,0.9026953860640301
632,527,14,0.817042872292077,0.7764127764127764,0.9107862445084078
633,626,14,0.8120664145980602,0.7631578947368421,0.9154255027672749
634,503,14,0.8129904926534139,0.7560321715817694,0.9069317199654278
635,571,14,0.811350603124382,0.7387862796833773,0.9169185570213847
636,687,14,0.7964143426294821,0.6773455377574371,0.8957790459782492
637,407,14,0.8122051590886279,0.775,0.9091639064538791
638,530,14,0.847172619047619,0.8123711340206186,0.9370833333333332
639,532,14,0.7972624403126007,0.7401574803149606,0.9086917136233128
640,550,14,0.8059055619193076,0.7163323782234957,0.9034936998854526
641,543,14,0.7547670583384869,0.6335403726708074,0.883219954648526
642,673,14,0.8144617530806789,0.8012326656394453,0.924507717346592
643,819,14,0.800418060200669,0.7442528735632183,0.8897157190635452
644,676,14,0.8105063795853269,0.7276119402985075,0.9059708931419459
645,664,14,0.8013163269095095,0.7749576988155669,0.907578626861238
646,576,14,0.7926912982031092,0.722488038277512,0.9038562487381384
647,583,14,0.8143953101252082,0.7912087912087912,0.9137777134447902
648,552,14,0.7880434782608696,0.7169811320754716,0.9004017013232515
649,714,14,0.8330097729018827,0.7940199335548173,0.9091690142008609
650,639,14,0.7922764576056911,0.7290836653386454,0.9069296535173241
651,714,14,0.7926568647753158,0.7479935794542536,0.8990432801822323
652,546,14,0.819327731092437,0.7593052109181141,0.908289241622575
653,651,14,0.8162500726054716,0.7886323268206039,0.9113632403337916
654,521,14,0.820173311346073,0.7604938271604939,0.9217027193067546
655,245,14,0.7854573128545731,0.7522123893805309,0.893455098934551
656,712,14,0.8068000579962302,0.7306122448979592,0.9113020153690009
657,723,14,0.8149597833877518,0.7808641975308642,0.9174723261925619
658,489,14,0.8353677651945609,0.7492957746478873,0.9077550060739057
659,612,14,0.797020097020097,0.7404255319148936,0.9117579117579118
660,629,14,0.7836284141206953,0.6536312849162011,0.8933121019108281
661,485,14,0.7600694821409184,0.6964285714285714,0.9058553179169833
662,710,14,0.796070191891502,0.7190569744597249,0.9116649834078776
663,528,14,0.8242085526790222,0.8197343453510436,0.9133482368212302
664,741,14,0.8025051530045981,0.7435456110154905,0.8958775963215476
665,551,14,0.8162539983414288,0.7424593967517401,0.9156349958535719
666,509,14,0.7996205539203518,0.7225433526011561,0.9075676442427036
667,614,14,0.8065234982882041,0.7175925925925926,0.8992343604108309
668,496,14,0.8035584787924783,0.7695852534562212,0.8968041150181296
669,625,14,0.8136387163561076,0.801980198019802,0.9133436853002072
670,623,14,0.8026620739512237,0.7757166947723441,0.9156620101635091
671,676,14,0.840327380952381,0.7323943661971831,0.9163690476190475
672,684,14,0.8068903850199873,0.6947368421052632,0.9148642962339575
673,607,14,0.8026442004291303,0.719047619047619,0.9089738735327527
674,670,14,0.7788933873144399,0.6742081447963801,0.8879460188933874
675,778,14,0.8125046865307402,0.7843137254901961,0.9079599446478115
676,596,14,0.8133842274828407,0.780952380952381,0.9107367978708502
677,671,14,0.8083162738455407,0.7862969004893964,0.9100708346165691
678,722,14,0.8005575023892959,0.7652733118971061,0.8946559413826058
679,736,14,0.7936179030252797,0.711864406779661,0.9011344799005387
680,654,14,0.819412869427696,0.7307692307692307,0.9121171186012542
681,600,14,0.7620294599018003,0.6159420289855072,0.9089852700490999
682,717,14,0.8098764401402572,0.7587412587412588,0.8980380697946235
683,682,14,0.7957493894993894,0.7249544626593807,0.8994104853479854
684,426,14,0.8075782617149523,0.7467532467532467,0.9190161384405988
685,566,14,0.8003769633507853,0.7289719626168224,0.9010122164048865
686,744,14,0.8104727581089675,0.750788643533123,0.925085781138357
687,722,14,0.8023427260812581,0.6959578207381371,0.9058358817533128
688,668,14,0.8386560470151563,0.7901701323251418,0.9130064955150016
689,684,14,0.7765873015873015,0.656641604010025,0.9004739858906525
690,435,14,0.8686093812776216,0.782051282051282,0.9378264363198071
691,561,14,0.8004448398576512,0.8095238095238095,0.9008007117437722
692,649,14,0.8161134386077988,0.7404426559356136,0.9024062734987648
693,769,14,0.8069021850112315,0.8010471204188482,0.9036144578313253
694,601,14,0.8008180228519415,0.7450980392156863,0.9049392770738017
695,584,14,0.7812951496388029,0.7161125319693095,0.9115067079463364
696,644,14,0.7708842836915948,0.6700507614213198,0.8945342210884751
697,402,14,0.7505668934240364,0.6521739130434783,0.9278785588309398
698,497,14,0.8019110528438886,0.7647058823529411,0.9035397337636144
699,462,14,0.7659090909090909,0.657439446366782,0.882690541781451
700,509,14,0.7866014799154334,0.7100591715976331,0.9026250880902043
701,469,14,0.7821441959265276,0.7035830618892508,0.9013703194635345
702,649,14,0.7727050326188257,0.6683544303797468,0.8905521901211557
703,578,14,0.8240946911988749,0.7702702702702703,0.9101266976574605
704,536,14,0.7878751500600241,0.7309417040358744,0.905657262905162
705,530,14,0.7848412698412699,0.7135416666666666,0.8976031746031746
706,705,14,0.8289205101386686,0.7915993537964459,0.9186544755221162
707,455,14,0.7795936395759717,0.7267605633802817,0.8849946585586326
708,410,14,0.7399691358024691,0.6735395189003437,0.9086768219832735
709,755,14,0.8047863863434368,0.743801652892562,0.9072833982040516
710,707,14,0.8078765903719771,0.7901234567901234,0.888018388423063
711,590,14,0.8074286625219194,0.7583333333333333,0.8904707599112192
712,585,14,0.8159519168291098,0.7876447876447876,0.9254686785550983
713,713,14,0.7998334145945067,0.766721044045677,0.903258573053795
714,427,14,0.7722041259500543,0.6616541353383458,0.8985884907709012
715,517,14,0.8043844205584383,0.7699530516431925,0.9082499382258462
716,404,14,0.8065535996570479,0.7453416149068323,0.9073761487554591
717,742,14,0.7942657569850553,0.7823765020026703,0.9104864433811801
718,459,14,0.7441176470588236,0.616,0.870662382600099
719,704,14,0.803645585273941,0.7727975270479135,0.8896631823461092
720,700,14,0.8143303132104924,0.780327868852459,0.9209253792120534
721,681,14,0.806513794993605,0.7608286252354048,0.9156678238625984
722,512,14,0.800865800865801,0.734375,0.9069602272727273
723,663,14,0.8112118968283352,0.75,0.9189909087169361
724,733,14,0.8135925751879699,0.7726550079491256,0.9141055764411028
725,542,14,0.7543187531422826,0.6108786610878661,0.9010558069381598
726,680,14,0.8006098991320667,0.7419354838709677,0.9041050903119867
727,680,14,0.8366290963058041,0.753968253968254,0.916920701135133
728,577,14,0.8338992042440319,0.7719298245614035,0.9111803713527852
729,408,14,0.8053696538743073,0.7508771929824561,0.9052859981177455
730,470,14,0.7849115255858441,0.7188405797101449,0.9021201976725649
731,680,14,0.8025227192002149,0.8068181818181818,0.9053113981512765
732,603,14,0.8033360219796839,0.7286063569682152,0.902692007158521
733,642,14,0.8130414956680346,0.776173285198556,0.9104828494705375
734,639,14,0.810203597414923,0.7344110854503464,0.9066073123333485
735,438,14,0.8045886075949367,0.7508090614886731,0.9154159132007234
736,670,14,0.7942221126541942,0.7687296416938111,0.9020553135928269
737,602,14,0.8047002032520325,0.7247058823529412,0.8912728658536586
738,490,14,0.8058712121212122,0.7325581395348837,0.9073484848484847
739,485,14,0.8016169818712826,0.7602040816326531,0.9076646365352423
740,784,14,0.8137629746419656,0.8021248339973439,0.9017277624490868
741,643,14,0.8108377380652739,0.7560975609756098,0.8938354727745618
742,655,14,0.7903874337679906,0.786144578313253,0.9067115102777047
743,629,14,0.7974828620394173,0.7504835589941973,0.9107005141388174
744,581,14,0.8185697115384616,0.8068965517241379,0.9112620192307692
745,729,14,0.8035947712418301,0.7517006802721088,0.913362381989833
746,684,14,0.7964445868033312,0.7318982387475538,0.8868843501526171
747,778,14,0.8004920814898805,0.7249190938511327,0.9003609091650178
748,556,14,0.8103980417198808,0.7820773930753564,0.9018465304384842
749,627,14,0.8046834625322998,0.7592954990215264,0.9069982773471146
750,605,14,0.8050359805678955,0.7202072538860104,0.9102823890057932
751,628,14,0.789232357255392,0.735632183908046,0.8834682457760634
752,522,14,0.8399691358024691,0.7679083094555874,0.9271433470507544
753,672,14,0.7958456602358431,0.7056277056277056,0.9006625276053168
754,430,14,0.8074829609996214,0.7477203647416414,0.9083917076864824
755,590,14,0.8179290132004061,0.8222222222222222,0.9359711068032862
756,629,14,0.7913162536921562,0.7753743760399334,0.8992246471939612
757,410,14,0.7724047744915278,0.6885245901639344,0.9169193956762471
758,726,14,0.8057905233477753,0.7983193277310925,0.9060969366312879
759,427,14,0.8220113220113221,0.7701863354037267,0.9100899100899102
760,678,14,0.8178836241351746,0.7757352941176471,0.9066953333884618
761,595,14,0.8064435564435565,0.7638603696098563,0.9041553684410828
762,754,14,0.77955088389871,0.7402985074626866,0.9021647249071998
763,508,14,0.7951340720318893,0.7220630372492837,0.9165188684215148
764,535,14,0.7929845904298458,0.8055555555555556,0.8996000783063456
765,641,14,0.805229004523043,0.7670753064798599,0.9125952487673689
766,454,14,0.8276839826839827,0.76875,0.9016883116883115
767,589,14,0.8176673567977917,0.725,0.9075086266390614
768,540,14,0.7985409652076318,0.7861271676300579,0.8807969960233334
769,579,14,0.7856245062127415,0.7849829351535836,0.9099691158514688
770,682,14,0.8082776213933849,0.7870370370370371,0.9126407459535537
771,655,14,0.8171194114318053,0.7133479212253829,0.9050594227504244
772,639,14,0.824000241633442,0.7979094076655052,0.913052233095727
773,735,14,0.8163503163503163,0.7678883071553229,0.9235684949970665
774,574,14,0.7974964889784454,0.7959183673469388,0.9068693899981681
775,721,14,0.8144120247568524,0.7787610619469026,0.9116952013503737
776,565,14,0.8149954567320541,0.7672413793103449,0.9008364958041584
777,598,14,0.823993618065783,0.7637130801687764,0.9133406971035838
778,722,14,0.7991829210183022,0.7822349570200573,0.907551340837545
779,710,14,0.8116741095560046,0.7727272727272727,0.8982195278131212
780,735,14,0.8097643097643097,0.8,0.9081032547699215
781,592,14,0.7876831501831503,0.815592203898051,0.894562728937729
782,525,14,0.8045528997816064,0.7657657657657657,0.8936241203591361
783,684,14,0.8046852899575672,0.7728026533996684,0.9006099717114568
784,683,14,0.823120974824356,0.7767695099818511,0.913724019320843
785,505,14,0.771169433403476,0.6666666666666666,0.8968513755747798
786,531,14,0.7931623931623932,0.7294117647058823,0.920639442861665
787,676,14,0.8031617880597932,0.7167381974248928,0.8969498888353842
788,672,14,0.8016107580907345,0.7651006711409396,0.9076030737402099
789,728,14,0.7767524401064774,0.6996466431095406,0.8977817213842059
790,521,14,0.8029075538762048,0.7455919395465995,0.9077620160748022
791,497,14,0.8418753340734344,0.7192982456140351,0.928456889108178
792,661,14,0.7861799976714402,0.7377938517179023,0.8789051888073893
793,553,14,0.8020111428183176,0.7663157894736842,0.8915749422475879
794,489,14,0.8033006656804733,0.7446153846153846,0.919526627218935
795,514,14,0.8024628096526767,0.7563451776649747,0.9162997005556535
796,746,14,0.8043744992890807,0.8026490066225166,0.9091466803317141
797,428,14,0.80406867192407,0.755700325732899,0.9142298834531368
798,634,14,0.7974616659759635,0.7649918962722853,0.9199440530460008
799,544,14,0.7935846216200568,0.7405660377358491,0.8871084476868738
800,678,14,0.7949998575728514,0.7349397590361446,0.8931796386148486
801,779,14,0.8098878567244121,0.7056277056277056,0.8983345886685077
802,539,14,0.7885365853658537,0.6907216494845361,0.8854471544715447
803,589,14,0.769182995766686,0.6997840172786177,0.8781337929985551
804,604,14,0.7912019894998619,0.775,0.8960596849958553
805,756,14,0.8148300750170494,0.7983193277310925,0.9064062855194361
806,710,14,0.8215634195245163,0.7641681901279708,0.9125328750358044
807,567,14,0.775205552453941,0.7519083969465649,0.8807288230218748
808,671,14,0.8139278743377638,0.7764705882352941,0.9164420485175202
809,666,14,0.8228695394200104,0.7973856209150327,0.9222168656827116
810,432,14,0.8081510286546023,0.7864583333333334,0.9058460602637355
811,489,14,0.7743797195253506,0.7129909365558912,0.9074613448399856
812,584,14,0.8238349885408709,0.7695652173913043,0.9154698242933538
813,673,14,0.8090216124114429,0.7917981072555205,0.9055062326248766
814,746,14,0.8105663307160436,0.7866868381240545,0.9111098089769132
815,492,14,0.8134946949602122,0.8105906313645621,0.897463527851459
816,657,14,0.8006612585047708,0.7426326129666012,0.8986271589033377
817,482,14,0.8119255286490781,0.7712765957446809,0.9151633349585568
818,568,14,0.8091908091908091,0.8041958041958042,0.917932067932068
819,476,14,0.814451951951952,0.7688172043010753,0.9186186186186186
820,654,14,0.8093510837960577,0.7759197324414716,0.9143854599204535
821,680,14,0.8178121005729404,0.7871621621621622,0.9042268879771896
822,569,14,0.8213403880070547,0.8043087971274686,0.9184177374653566
823,784,14,0.7906292590499617,0.7692307692307693,0.8946182229165974
824,400,14,0.806896551724138,0.6984126984126984,0.9048902821316614
825,383,14,0.8089008363201912,0.7518248175182481,0.9297192353643966
826,537,14,0.8353658536585367,0.7608695652173914,0.9179087624209575
827,546,14,0.7976968565203859,0.7326732673267327,0.9117424747676849
828,633,14,0.7923561859732072,0.779050736497545,0.9047200501101211
829,488,14,0.7948094079480941,0.7058823529411765,0.9125543286127228
830,628,14,0.8166208791208791,0.7924528301886793,0.9181443556443556
831,535,14,0.7957572652757079,0.7286821705426356,0.9054427471435668
832,592,14,0.8403188126975403,0.7824267782426778,0.9314152935150599
833,640,14,0.8169063395531582,0.681592039800995,0.9143531425459355
834,479,14,0.742058728473152,0.6341463414634146,0.9285978115333118
835,643,14,0.7928949484121667,0.7098214285714286,0.9052659788288893
836,394,14,0.792721117223868,0.7318840579710145,0.9206658202849486
837,566,14,0.7974408828885572,0.7360774818401937,0.8884066107102269
838,410,14,0.7918685645063598,0.743202416918429,0.88900666262871
839,649,14,0.7898552856050356,0.7553956834532374,0.891728925230896
840,776,14,0.7965255999154304,0.7492537313432835,0.9020472884879667
841,682,14,0.8116440768356125,0.7217741935483871,0.9059679415582456
842,510,14,0.8071933962264151,0.7591240875912408,0.9093455188679246
843,652,14,0.8172168082340407,0.7839721254355401,0.9089798352018924
844,604,14,0.7871650542362942,0.7331887201735358,0.8927821753151568
845,652,14,0.7924300867888139,0.7399577167019028,0.9130303760848603
846,514,14,0.789051288865267,0.7048192771084337,0.9001683054300647
847,548,14,0.8184447626071991,0.7625570776255708,0.9225273692278769
848,562,14,0.7682910511667738,0.7091836734693877,0.9074475487047742
849,435,14,0.7941880193152651,0.7584269662921348,0.8977248009744638
850,697,14,0.8239457332990183,0.7575757575757576,0.9095738813926982
851,668,14,0.7840565201882472,0.665,0.8951753023346798
852,655,14,0.8225011227617988,0.7850799289520426,0.9172573370042764
853,444,14,0.7953820988172133,0.7576601671309192,0.9043494673265666
854,601,14,0.8256800286327846,0.7725490196078432,0.9177284657599618
855,497,14,0.8046612328069283,0.7619047619047619,0.9092885039904909
856,575,14,0.82627765064836,0.6927710843373494,0.9027459954233409
857,482,14,0.7957580809484116,0.7409326424870466,0.8912660924330833
858,812,14,0.8114527811944786,0.7414965986394558,0.9066352330189968
859,514,14,0.8176312460468058,0.78125,0.9104364326375712
860,652,14,0.8052281077770974,0.7892234548335975,0.9090822106552356
861,609,14,0.8027092433006728,0.74235807860262,0.9136229488844292
862,886,14,0.8125967492260062,0.7700534759358288,0.9073357413140696
863,669,14,0.8021912210244486,0.6748768472906403,0.9106719274759858
864,617,14,0.8111860873381611,0.7752212389380531,0.9089971472459951
865,784,14,0.798873816946106,0.7429467084639498,0.9010377173027776
866,610,14,0.8082163670688665,0.7516778523489933,0.9078575532650883
867,517,14,0.8050964187327824,0.7168674698795181,0.9113985188365353
868,785,14,0.8174725753435508,0.7966101694915254,0.9041226090055838
869,679,14,0.8073959202112873,0.8092485549132948,0.8930619266055048
870,548,14,0.8021114106019767,0.7583148558758315,0.9048180592991912
871,777,14,0.7961888237405768,0.7985074626865671,0.8876989350245302
872,732,14,0.8188840997686433,0.774869109947644,0.9106265648274333
873,628,14,0.7933467741935484,0.7591240875912408,0.8877688172043011
874,740,14,0.8159090909090909,0.7218934911242604,0.9111888111888112
875,740,14,0.8195982938629998,0.7640845070422535,0.9046345811051694
876,582,14,0.8073948948948949,0.7616822429906542,0.9110735735735737
877,502,14,0.8008373205741627,0.7593052109181141,0.9230794790005316
878,659,14,0.7753863134657837,0.7761627906976745,0.9007179030552618
879,674,14,0.8016848171982179,0.8113207547169812,0.9386977582914928
880,661,14,0.8120231919438511,0.7484407484407485,0.905594547858814
881,549,14,0.8091993304505509,0.7670588235294118,0.9134328358208955
882,588,14,0.8509852216748769,0.7629796839729119,0.9223596600443892
883,599,14,0.8222368421052632,0.7516483516483516,0.8989473684210525
884,614,14,0.8054128126070572,0.7946127946127947,0.9058752997601919
885,705,14,0.7915067374438547,0.7749627421758569,0.8935238873009392
886,627,14,0.8144647487344117,0.708803611738149,0.9032967032967032
887,634,14,0.8370927457401343,0.7733887733887734,0.9221624021757229
888,678,14,0.7997090469916557,0.7570422535211268,0.9022196603718343
889,649,14,0.7808993399339934,0.6375,0.9081408140814081
890,755,14,0.803151713869883,0.7037037037037037,0.9068705354902387
891,527,14,0.768680475642501,0.6302250803858521,0.8829113924050633
892,596,14,0.8169918699186992,0.7889908256880734,0.9034262485481998
893,553,14,0.8040325624022858,0.7702407002188184,0.9083912879400506
894,521,14,0.8057239391831461,0.732824427480916,0.9144887210573389
895,653,14,0.787076318492386,0.6833333333333333,0.8917183941410262
896,784,14,0.8097972180325121,0.7838926174496644,0.9055941008882185
897,641,14,0.7852224110648772,0.8229027962716379,0.8939713610345974
898,701,14,0.824303174184472,0.7700170357751278,0.9147278642398663
899,625,14,0.81102044689027,0.7360774818401937,0.9265738412638171
900,350,14,0.7958896396396397,0.7402135231316725,0.9077632319819819
901,527,14,0.8046188222150354,0.7838383838383839,0.9101814012289419
902,600,14,0.8231388329979878,0.793418647166362,0.9098131647025007
903,571,14,0.7915761088303952,0.7303921568627451,0.890780541468781
904,587,14,0.7904073276372157,0.7660377358490567,0.8969373505952523
905,741,14,0.7803974121996303,0.6556016597510373,0.8866635859519408
906,588,14,0.7821089023336214,0.6622073578595318,0.9108195175610906
907,613,14,0.7876172737306844,0.6666666666666666,0.8967301324503311
908,728,14,0.790619014629773,0.7328990228013029,0.9043889319043157
909,549,14,0.7849736470426125,0.6830985915492958,0.9106238588997209
910,669,14,0.7906690179412473,0.6888361045130641,0.8999101842318562
911,494,14,0.8023651145602365,0.7314285714285714,0.9029933481152994
912,540,14,0.7883949816136708,0.6624605678233438,0.9008940803230225
913,759,14,0.8200404419729905,0.7857142857142857,0.9183072145591104
914,681,14,0.8038762767531671,0.7659574468085106,0.9025246327642834
915,839,14,0.8279274215046535,0.8068331143232589,0.9184158369939384
916,771,14,0.8033637873754154,0.7943078913324709,0.9070243995425086
917,729,14,0.8036608863198459,0.702928870292887,0.9126984126984128
918,549,14,0.8028281383256761,0.7661469933184856,0.9013040248700102
919,724,14,0.7751348789734616,0.6798245614035088,0.8924522455526391
920,497,14,0.7553741496598639,0.6640926640926641,0.9116229348882411
921,462,14,0.7871050985298718,0.7481296758104738,0.8962894901470129
922,769,14,0.7968324169256514,0.7034990791896869,0.8932265519164873
923,605,14,0.7900799410233372,0.7450980392156863,0.9062823968484346
924,684,14,0.8179076242147345,0.7820299500831946,0.918234223300971
925,514,14,0.7977706274419674,0.7807933194154488,0.8945223320309507
926,699,14,0.806130067945942,0.7269230769230769,0.8974650937056671
927,640,14,0.8041868515654605,0.7642857142857142,0.901535247186063
928,435,14,0.8124098281816989,0.7790055248618785,0.9063306081406024
929,591,14,0.7751451558309683,0.69377990430622,0.8865441195615381
930,636,14,0.8011898987605651,0.7611650485436893,0.9038896170239114
931,909,14,0.7675449684005833,0.8194070080862533,0.9127078269324258
932,612,14,0.8082251131608651,0.7590361445783133,0.9069857594034685
933,697,14,0.8141791044776119,0.7866666666666666,0.9119824605784638
934,645,14,0.8133110646290447,0.746031746031746,0.905094766498762
935,756,14,0.8046988308420897,0.7595356550580431,0.9175151694538995
936,634,14,0.8168601969807221,0.7876588021778584,0.9020630707265329
937,589,14,0.8059862502742632,0.7613168724279835,0.9078353933542992
938,553,14,0.7676707211952878,0.6591549295774648,0.8815407208760335
939,575,14,0.7979009886380404,0.7762906309751434,0.9015665732133197
940,612,14,0.7939814814814814,0.7298387096774194,0.8934366816311261
941,592,14,0.7906553327010667,0.7635009310986964,0.8970693268701628
942,465,14,0.8159840225978727,0.7266881028938906,0.909056803636845
943,674,14,0.8131981132075472,0.7637051039697542,0.9141415094339622
944,624,14,0.7972512745046514,0.7680890538033395,0.9062910600725285
945,792,14,0.8217082629422667,0.772093023255814,0.914730484860506
946,544,14,0.8027379219518957,0.773784355179704,0.905053025577043
947,722,14,0.8126012157626681,0.7901990811638591,0.8950485444488778
948,412,14,0.7630078772802653,0.6917808219178082,0.8755959784411277
949,522,14,0.8156875998525255,0.778021978021978,0.8990567776821925
950,695,14,0.8045687382921937,0.8089260808926081,0.9076305886643569
951,493,14,0.7963477534415749,0.7355623100303952,0.9084668192219679
952,500,14,0.8245940551329773,0.7590027700831025,0.9256082429735124
953,584,14,0.8074355306114963,0.7721280602636534,0.9122556032427277
954,581,14,0.7686746987951807,0.6594594594594595,0.8765277979387431
955,629,14,0.7822470849162256,0.7208333333333333,0.8796965238586707
956,617,14,0.805655637254902,0.7149122807017544,0.895269607843137
957,771,14,0.8044788975021533,0.7284552845528456,0.9090469498466235
958,623,14,0.7644317537255712,0.6490765171503958,0.8778425204970866
959,692,14,0.7937599857979762,0.7454242928452579,0.9103941061601278
960,593,14,0.7989364027099877,0.7484407484407485,0.8832107039654211
961,758,14,0.8554671055149451,0.7986688851913477,0.908079145776723
962,589,14,0.8017126490530746,0.7830882352941176,0.9122866495206922
963,528,14,0.7844556566012851,0.73,0.8835707822779764
964,759,14,0.8223278371912024,0.7895545314900153,0.9073967311406417
965,828,14,0.7885653386828825,0.7335164835164835,0.896479954863179
966,525,14,0.7827020202020202,0.7040498442367601,0.9059764309764309
967,370,14,0.8071776155717763,0.6779661016949152,0.8898646593673967
968,698,14,0.8019784542225614,0.7168949771689498,0.8989442373362295
969,694,14,0.8237410388353785,0.7809187279151943,0.9044464968993271
970,587,14,0.7873541454640127,0.764378478664193,0.8904759650659156
971,604,14,0.81569032774314,0.8,0.9136687449293726
972,564,14,0.8361291486291487,0.7412935323383084,0.9281655844155844
973,639,14,0.8111324969583342,0.7934426229508197,0.9170373177493666
974,695,14,0.8001600676762818,0.8005698005698005,0.9012971287342213
975,605,14,0.8039775353610059,0.7593984962406015,0.8952112415642044
976,710,14,0.7857096960740217,0.7749287749287749,0.8946700507614213
977,549,14,0.7897546795235394,0.736318407960199,0.9073312535450935
978,570,14,0.7975711604030189,0.759656652360515,0.9126281781149037
979,439,14,0.8094949806269813,0.7638483965014577,0.8978953856991898
980,622,14,0.7957673187852217,0.7432150313152401,0.8996800301148129
981,574,14,0.772666443626631,0.6643598615916955,0.9154041007503704
982,555,14,0.8091622855561704,0.6900958466453674,0.9018573602656337
983,595,14,0.8191733162344448,0.7793814432989691,0.9118338557993729
984,523,14,0.8106399187404774,0.7263157894736842,0.91288302014559
985,614,14,0.7754821833653522,0.7521663778162911,0.8880097250713641
986,642,14,0.8092189432948814,0.7537473233404711,0.9054421265212472
987,349,14,0.7951556259468393,0.7555555555555555,0.9126842032777854
988,583,14,0.7921849981524818,0.752895752895753,0.8983865008005913
989,522,14,0.7960106382978723,0.7838383838383839,0.8923315602836881
990,655,14,0.7971160627699903,0.7164179104477612,0.9147271444944018
991,456,14,0.8036383092562868,0.7727272727272727,0.8963597090937914
992,548,14,0.7533823631443834,0.6397058823529411,0.902154305141192
993,516,14,0.7900019636572362,0.7941712204007286,0.9255169705300365
994,586,14,0.8078282828282828,0.7325301204819277,0.9010765550239235
995,615,14,0.8112114293621142,0.7531380753138075,0.910255523269222
996,615,14,0.8120806558306559,0.7488372093023256,0.9218011718011718
997,406,14,0.8224043715846995,0.7871720116618076,0.9203349524387775
998,464,14,0.8110380325993709,0.7832512315270936,0.8959679725478983
999,764,14,0.8053572290860427,0.7945205479452054,0.8999882728696288
1000,689,14,0.8153459048901859,0.7524752475247525,0.9252815504920118
