experiment_id,split,threshold,balanced_accuracy,f1,precision,recall,tn,fp,fn,tp,roc_auc,average_precision
presleep_stage1_hp_tiny_dropout40_wd1e3_seed2027,train,0.05,0.5,0.5839683023468455,0.41239776151528196,1.0,0,1365,0,958,0.7256670260845627,0.6441273822389959
presleep_stage1_hp_tiny_dropout40_wd1e3_seed2027,train,0.06,0.5,0.5839683023468455,0.41239776151528196,1.0,0,1365,0,958,0.7256670260845627,0.6441273822389959
presleep_stage1_hp_tiny_dropout40_wd1e3_seed2027,train,0.07,0.5,0.5839683023468455,0.41239776151528196,1.0,0,1365,0,958,0.7256670260845627,0.6441273822389959
presleep_stage1_hp_tiny_dropout40_wd1e3_seed2027,train,0.08,0.5,0.5839683023468455,0.41239776151528196,1.0,0,1365,0,958,0.7256670260845627,0.6441273822389959
presleep_stage1_hp_tiny_dropout40_wd1e3_seed2027,train,0.09,0.5,0.5839683023468455,0.41239776151528196,1.0,0,1365,0,958,0.7256670260845627,0.6441273822389959
presleep_stage1_hp_tiny_dropout40_wd1e3_seed2027,train,0.1,0.5,0.5839683023468455,0.41239776151528196,1.0,0,1365,0,958,0.7256670260845627,0.6441273822389959
presleep_stage1_hp_tiny_dropout40_wd1e3_seed2027,train,0.11,0.5,0.5839683023468455,0.41239776151528196,1.0,0,1365,0,958,0.7256670260845627,0.6441273822389959
presleep_stage1_hp_tiny_dropout40_wd1e3_seed2027,train,0.12,0.5,0.5839683023468455,0.41239776151528196,1.0,0,1365,0,958,0.7256670260845627,0.6441273822389959
presleep_stage1_hp_tiny_dropout40_wd1e3_seed2027,train,0.13,0.5,0.5839683023468455,0.41239776151528196,1.0,0,1365,0,958,0.7256670260845627,0.6441273822389959
presleep_stage1_hp_tiny_dropout40_wd1e3_seed2027,train,0.14,0.5,0.5839683023468455,0.41239776151528196,1.0,0,1365,0,958,0.7256670260845627,0.6441273822389959
presleep_stage1_hp_tiny_dropout40_wd1e3_seed2027,train,0.15,0.5,0.5839683023468455,0.41239776151528196,1.0,0,1365,0,958,0.7256670260845627,0.6441273822389959
presleep_stage1_hp_tiny_dropout40_wd1e3_seed2027,train,0.16,0.5,0.5839683023468455,0.41239776151528196,1.0,0,1365,0,958,0.7256670260845627,0.6441273822389959
presleep_stage1_hp_tiny_dropout40_wd1e3_seed2027,train,0.17,0.5,0.5839683023468455,0.41239776151528196,1.0,0,1365,0,958,0.7256670260845627,0.6441273822389959
presleep_stage1_hp_tiny_dropout40_wd1e3_seed2027,train,0.18,0.5,0.5839683023468455,0.41239776151528196,1.0,0,1365,0,958,0.7256670260845627,0.6441273822389959
presleep_stage1_hp_tiny_dropout40_wd1e3_seed2027,train,0.19,0.5,0.5839683023468455,0.41239776151528196,1.0,0,1365,0,958,0.7256670260845627,0.6441273822389959
presleep_stage1_hp_tiny_dropout40_wd1e3_seed2027,train,0.2,0.5003663003663004,0.5841463414634146,0.4125753660637382,1.0,1,1364,0,958,0.7256670260845627,0.6441273822389959
presleep_stage1_hp_tiny_dropout40_wd1e3_seed2027,train,0.21,0.5005769804308426,0.584070796460177,0.4126778783958603,0.9989561586638831,3,1362,1,957,0.7256670260845627,0.6441273822389959
presleep_stage1_hp_tiny_dropout40_wd1e3_seed2027,train,0.22,0.500943280797143,0.5842490842490843,0.412855910267472,0.9989561586638831,4,1361,1,957,0.7256670260845627,0.6441273822389959
presleep_stage1_hp_tiny_dropout40_wd1e3_seed2027,train,0.23,0.5013095811634434,0.5844274809160306,0.413034095813552,0.9989561586638831,5,1360,1,957,0.7256670260845627,0.6441273822389959
presleep_stage1_hp_tiny_dropout40_wd1e3_seed2027,train,0.24,0.5020421818960441,0.5847846012832264,0.41339092872570193,0.9989561586638831,7,1358,1,957,0.7256670260845627,0.6441273822389959
presleep_stage1_hp_tiny_dropout40_wd1e3_seed2027,train,0.25,0.5048169645246889,0.5859638369598529,0.41475054229934927,0.9979123173277662,16,1349,2,956,0.7256670260845627,0.6441273822389959
presleep_stage1_hp_tiny_dropout40_wd1e3_seed2027,train,0.26,0.505760245321832,0.5862492326580724,0.4152173913043478,0.9968684759916493,20,1345,3,955,0.7256670260845627,0.6441273822389959
presleep_stage1_hp_tiny_dropout40_wd1e3_seed2027,train,0.27,0.5100002294156782,0.5881627620221949,0.41732283464566927,0.9958246346555324,33,1332,4,954,0.7256670260845627,0.6441273822389959
presleep_stage1_hp_tiny_dropout40_wd1e3_seed2027,train,0.28,0.5157604747375102,0.5904998447687053,0.4202386212991604,0.9926931106471816,53,1312,7,951,0.7256670260845627,0.6441273822389959
presleep_stage1_hp_tiny_dropout40_wd1e3_seed2027,train,0.29,0.5240848226234447,0.5941711062362895,0.4245409762651142,0.9895615866388309,80,1285,10,948,0.7256670260845627,0.6441273822389959
presleep_stage1_hp_tiny_dropout40_wd1e3_seed2027,train,0.3,0.5337738114356069,0.5980952380952381,0.42974452554744524,0.9832985386221295,115,1250,16,942,0.7256670260845627,0.6441273822389959
presleep_stage1_hp_tiny_dropout40_wd1e3_seed2027,train,0.31,0.5418970382435936,0.6007726980038635,0.43435754189944137,0.9739039665970772,150,1215,25,933,0.7256670260845627,0.6441273822389959
presleep_stage1_hp_tiny_dropout40_wd1e3_seed2027,train,0.32,0.550597245482423,0.6036625245258339,0.43952380952380954,0.9634655532359081,188,1177,35,923,0.7256670260845627,0.6441273822389959
presleep_stage1_hp_tiny_dropout40_wd1e3_seed2027,train,0.33,0.5661565991419854,0.6099195710455764,0.4491609081934847,0.9498956158663883,249,1116,48,910,0.7256670260845627,0.6441273822389959
presleep_stage1_hp_tiny_dropout40_wd1e3_seed2027,train,0.34,0.5831260945039651,0.6176571624871179,0.4603174603174603,0.9384133611691023,311,1054,59,899,0.7256670260845627,0.6441273822389959
presleep_stage1_hp_tiny_dropout40_wd1e3_seed2027,train,0.35,0.5934566824963484,0.6209563994374121,0.468186638388123,0.9217118997912317,362,1003,75,883,0.7256670260845627,0.6441273822389959
presleep_stage1_hp_tiny_dropout40_wd1e3_seed2027,train,0.36,0.6093368357460216,0.627493652520856,0.48082267926625905,0.9029227557411273,431,934,93,865,0.7256670260845627,0.6441273822389959
presleep_stage1_hp_tiny_dropout40_wd1e3_seed2027,train,0.37,0.6189443819923987,0.6295327102803738,0.49039021549213746,0.8789144050104384,490,875,116,842,0.7256670260845627,0.6441273822389959
presleep_stage1_hp_tiny_dropout40_wd1e3_seed2027,train,0.38,0.6335149540786285,0.6360832690824981,0.5042787286063569,0.8611691022964509,554,811,133,825,0.7256670260845627,0.6441273822389959
presleep_stage1_hp_tiny_dropout40_wd1e3_seed2027,train,0.39,0.6402926579335766,0.6371191135734072,0.5130656469088591,0.8402922755741128,601,764,153,805,0.7256670260845627,0.6441273822389959
presleep_stage1_hp_tiny_dropout40_wd1e3_seed2027,train,0.4,0.6486361237927,0.6398700771416971,0.5235880398671097,0.8225469728601252,648,717,170,788,0.7256670260845627,0.6441273822389959
presleep_stage1_hp_tiny_dropout40_wd1e3_seed2027,train,0.41,0.6571352099535815,0.6430653894210746,0.534996534996535,0.8058455114822547,694,671,186,772,0.7256670260845627,0.6441273822389959
presleep_stage1_hp_tiny_dropout40_wd1e3_seed2027,train,0.42,0.6586745891547562,0.6412213740458015,0.54,0.7891440501043842,721,644,202,756,0.7256670260845627,0.6441273822389959
presleep_stage1_hp_tiny_dropout40_wd1e3_seed2027,train,0.43,0.6630342517607654,0.6422097539922313,0.5474613686534217,0.7766179540709812,750,615,214,744,0.7256670260845627,0.6441273822389959
presleep_stage1_hp_tiny_dropout40_wd1e3_seed2027,train,0.44,0.6695366568017924,0.6452747252747253,0.5573272589217919,0.7661795407098121,782,583,224,734,0.7256670260845627,0.6441273822389959
presleep_stage1_hp_tiny_dropout40_wd1e3_seed2027,train,0.45,0.6715428969082413,0.644325290437891,0.56328125,0.7526096033402923,806,559,237,721,0.7256670260845627,0.6441273822389959
presleep_stage1_hp_tiny_dropout40_wd1e3_seed2027,train,0.46,0.6695748927481704,0.6397825101948346,0.5652522017614091,0.7369519832985386,822,543,252,706,0.7256670260845627,0.6441273822389959
presleep_stage1_hp_tiny_dropout40_wd1e3_seed2027,train,0.47,0.6678175686526417,0.6350667280257708,0.5679012345679012,0.7202505219206681,840,525,268,690,0.7256670260845627,0.6441273822389959
presleep_stage1_hp_tiny_dropout40_wd1e3_seed2027,train,0.48,0.6699243692980645,0.6346243583761083,0.5738396624472574,0.7098121085594989,860,505,278,680,0.7256670260845627,0.6441273822389959
presleep_stage1_hp_tiny_dropout40_wd1e3_seed2027,train,0.49,0.6693665068404109,0.6313298627543776,0.5774891774891775,0.6962421711899791,877,488,291,667,0.7256670260845627,0.6441273822389959
presleep_stage1_hp_tiny_dropout40_wd1e3_seed2027,train,0.5,0.669596304878142,0.628131021194605,0.5831842576028623,0.6805845511482255,899,466,306,652,0.7256670260845627,0.6441273822389959
presleep_stage1_hp_tiny_dropout40_wd1e3_seed2027,train,0.51,0.6688923811053247,0.6225949679329058,0.5902712815715622,0.6586638830897703,927,438,327,631,0.7256670260845627,0.6441273822389959
presleep_stage1_hp_tiny_dropout40_wd1e3_seed2027,train,0.52,0.6673457370743383,0.6170854271356784,0.5949612403100775,0.6409185803757829,947,418,344,614,0.7256670260845627,0.6441273822389959
presleep_stage1_hp_tiny_dropout40_wd1e3_seed2027,train,0.53,0.6646546911682611,0.6090534979423868,0.6004056795131846,0.6179540709812108,971,394,366,592,0.7256670260845627,0.6441273822389959
presleep_stage1_hp_tiny_dropout40_wd1e3_seed2027,train,0.54,0.6646283083652603,0.6037934668071654,0.6095744680851064,0.5981210855949896,998,367,385,573,0.7256670260845627,0.6441273822389959
presleep_stage1_hp_tiny_dropout40_wd1e3_seed2027,train,0.55,0.6626698631917838,0.5956756756756757,0.6177130044843049,0.5751565762004175,1024,341,407,551,0.7256670260845627,0.6441273822389959
presleep_stage1_hp_tiny_dropout40_wd1e3_seed2027,train,0.56,0.660345117652007,0.5867997781475319,0.6260355029585799,0.5521920668058455,1049,316,429,529,0.7256670260845627,0.6441273822389959
presleep_stage1_hp_tiny_dropout40_wd1e3_seed2027,train,0.57,0.6568664112505449,0.5770975056689343,0.6315136476426799,0.5313152400835073,1068,297,449,509,0.7256670260845627,0.6441273822389959
presleep_stage1_hp_tiny_dropout40_wd1e3_seed2027,train,0.58,0.6564186683184596,0.5707656612529002,0.6422976501305483,0.5135699373695198,1091,274,466,492,0.7256670260845627,0.6441273822389959
presleep_stage1_hp_tiny_dropout40_wd1e3_seed2027,train,0.59,0.6484533559690135,0.5523012552301255,0.6461538461538462,0.4822546972860125,1112,253,496,462,0.7256670260845627,0.6441273822389959
presleep_stage1_hp_tiny_dropout40_wd1e3_seed2027,train,0.6,0.6411200838131945,0.5319280843149411,0.6549618320610687,0.44780793319415446,1139,226,529,429,0.7256670260845627,0.6441273822389959
presleep_stage1_hp_tiny_dropout40_wd1e3_seed2027,train,0.61,0.6375503758593528,0.5148387096774194,0.6739864864864865,0.4164926931106472,1172,193,559,399,0.7256670260845627,0.6441273822389959
presleep_stage1_hp_tiny_dropout40_wd1e3_seed2027,train,0.62,0.6235877553205319,0.4787018255578093,0.6794625719769674,0.3695198329853862,1198,167,604,354,0.7256670260845627,0.6441273822389959
presleep_stage1_hp_tiny_dropout40_wd1e3_seed2027,train,0.63,0.6117128174539448,0.443342776203966,0.6894273127753304,0.3267223382045929,1224,141,645,313,0.7256670260845627,0.6441273822389959
presleep_stage1_hp_tiny_dropout40_wd1e3_seed2027,train,0.64,0.6015592618932911,0.4088888888888889,0.7040816326530612,0.2881002087682672,1249,116,682,276,0.7256670260845627,0.6441273822389959
presleep_stage1_hp_tiny_dropout40_wd1e3_seed2027,train,0.65,0.5903618649965205,0.36858475894245724,0.7225609756097561,0.24739039665970772,1274,91,721,237,0.7256670260845627,0.6441273822389959
presleep_stage1_hp_tiny_dropout40_wd1e3_seed2027,train,0.66,0.5719030795231212,0.30983606557377047,0.7213740458015268,0.19728601252609604,1292,73,769,189,0.7256670260845627,0.6441273822389959
presleep_stage1_hp_tiny_dropout40_wd1e3_seed2027,train,0.67,0.5671243509448103,0.27863247863247864,0.7688679245283019,0.17014613778705637,1316,49,795,163,0.7256670260845627,0.6441273822389959
presleep_stage1_hp_tiny_dropout40_wd1e3_seed2027,train,0.68,0.5584264378627635,0.23728813559322035,0.8159509202453987,0.13883089770354906,1335,30,825,133,0.7256670260845627,0.6441273822389959
presleep_stage1_hp_tiny_dropout40_wd1e3_seed2027,train,0.69,0.5486751244580055,0.19871205151793928,0.8372093023255814,0.1127348643006263,1344,21,850,108,0.7256670260845627,0.6441273822389959
presleep_stage1_hp_tiny_dropout40_wd1e3_seed2027,train,0.7,0.5332832442435783,0.14299332697807435,0.8241758241758241,0.07828810020876827,1349,16,883,75,0.7256670260845627,0.6441273822389959
presleep_stage1_hp_tiny_dropout40_wd1e3_seed2027,train,0.71,0.5239437319813103,0.10721247563352826,0.8088235294117647,0.05741127348643006,1352,13,903,55,0.7256670260845627,0.6441273822389959
presleep_stage1_hp_tiny_dropout40_wd1e3_seed2027,train,0.72,0.5145036591800684,0.0642570281124498,0.8421052631578947,0.033402922755741124,1359,6,926,32,0.7256670260845627,0.6441273822389959
presleep_stage1_hp_tiny_dropout40_wd1e3_seed2027,train,0.73,0.5088175915942096,0.03877551020408163,0.8636363636363636,0.019832985386221295,1362,3,939,19,0.7256670260845627,0.6441273822389959
presleep_stage1_hp_tiny_dropout40_wd1e3_seed2027,train,0.74,0.5055304472841007,0.024691358024691357,0.8571428571428571,0.012526096033402923,1363,2,946,12,0.7256670260845627,0.6441273822389959
presleep_stage1_hp_tiny_dropout40_wd1e3_seed2027,train,0.75,0.5048529063142841,0.02063983488132095,0.9090909090909091,0.010438413361169102,1364,1,948,10,0.7256670260845627,0.6441273822389959
presleep_stage1_hp_tiny_dropout40_wd1e3_seed2027,train,0.76,0.5036534446764092,0.014507772020725389,1.0,0.007306889352818371,1365,0,951,7,0.7256670260845627,0.6441273822389959
presleep_stage1_hp_tiny_dropout40_wd1e3_seed2027,train,0.77,0.5020876826722338,0.008316008316008316,1.0,0.0041753653444676405,1365,0,954,4,0.7256670260845627,0.6441273822389959
presleep_stage1_hp_tiny_dropout40_wd1e3_seed2027,train,0.78,0.5005219206680585,0.0020855057351407717,1.0,0.0010438413361169101,1365,0,957,1,0.7256670260845627,0.6441273822389959
presleep_stage1_hp_tiny_dropout40_wd1e3_seed2027,train,0.79,0.5,0.0,0.0,0.0,1365,0,958,0,0.7256670260845627,0.6441273822389959
presleep_stage1_hp_tiny_dropout40_wd1e3_seed2027,train,0.8,0.5,0.0,0.0,0.0,1365,0,958,0,0.7256670260845627,0.6441273822389959
presleep_stage1_hp_tiny_dropout40_wd1e3_seed2027,train,0.81,0.5,0.0,0.0,0.0,1365,0,958,0,0.7256670260845627,0.6441273822389959
presleep_stage1_hp_tiny_dropout40_wd1e3_seed2027,train,0.82,0.5,0.0,0.0,0.0,1365,0,958,0,0.7256670260845627,0.6441273822389959
presleep_stage1_hp_tiny_dropout40_wd1e3_seed2027,train,0.83,0.5,0.0,0.0,0.0,1365,0,958,0,0.7256670260845627,0.6441273822389959
presleep_stage1_hp_tiny_dropout40_wd1e3_seed2027,train,0.84,0.5,0.0,0.0,0.0,1365,0,958,0,0.7256670260845627,0.6441273822389959
presleep_stage1_hp_tiny_dropout40_wd1e3_seed2027,train,0.85,0.5,0.0,0.0,0.0,1365,0,958,0,0.7256670260845627,0.6441273822389959
presleep_stage1_hp_tiny_dropout40_wd1e3_seed2027,train,0.86,0.5,0.0,0.0,0.0,1365,0,958,0,0.7256670260845627,0.6441273822389959
presleep_stage1_hp_tiny_dropout40_wd1e3_seed2027,train,0.87,0.5,0.0,0.0,0.0,1365,0,958,0,0.7256670260845627,0.6441273822389959
presleep_stage1_hp_tiny_dropout40_wd1e3_seed2027,train,0.88,0.5,0.0,0.0,0.0,1365,0,958,0,0.7256670260845627,0.6441273822389959
presleep_stage1_hp_tiny_dropout40_wd1e3_seed2027,train,0.89,0.5,0.0,0.0,0.0,1365,0,958,0,0.7256670260845627,0.6441273822389959
presleep_stage1_hp_tiny_dropout40_wd1e3_seed2027,train,0.9,0.5,0.0,0.0,0.0,1365,0,958,0,0.7256670260845627,0.6441273822389959
presleep_stage1_hp_tiny_dropout40_wd1e3_seed2027,train,0.91,0.5,0.0,0.0,0.0,1365,0,958,0,0.7256670260845627,0.6441273822389959
presleep_stage1_hp_tiny_dropout40_wd1e3_seed2027,train,0.92,0.5,0.0,0.0,0.0,1365,0,958,0,0.7256670260845627,0.6441273822389959
presleep_stage1_hp_tiny_dropout40_wd1e3_seed2027,train,0.93,0.5,0.0,0.0,0.0,1365,0,958,0,0.7256670260845627,0.6441273822389959
presleep_stage1_hp_tiny_dropout40_wd1e3_seed2027,train,0.94,0.5,0.0,0.0,0.0,1365,0,958,0,0.7256670260845627,0.6441273822389959
presleep_stage1_hp_tiny_dropout40_wd1e3_seed2027,train,0.95,0.5,0.0,0.0,0.0,1365,0,958,0,0.7256670260845627,0.6441273822389959
presleep_stage1_hp_tiny_dropout40_wd1e3_seed2027,validation,0.05,0.5,0.5202558635394456,0.3515850144092219,1.0,0,225,0,122,0.6823679417122042,0.5127251332258732
presleep_stage1_hp_tiny_dropout40_wd1e3_seed2027,validation,0.06,0.5,0.5202558635394456,0.3515850144092219,1.0,0,225,0,122,0.6823679417122042,0.5127251332258732
presleep_stage1_hp_tiny_dropout40_wd1e3_seed2027,validation,0.07,0.5,0.5202558635394456,0.3515850144092219,1.0,0,225,0,122,0.6823679417122042,0.5127251332258732
presleep_stage1_hp_tiny_dropout40_wd1e3_seed2027,validation,0.08,0.5,0.5202558635394456,0.3515850144092219,1.0,0,225,0,122,0.6823679417122042,0.5127251332258732
presleep_stage1_hp_tiny_dropout40_wd1e3_seed2027,validation,0.09,0.5,0.5202558635394456,0.3515850144092219,1.0,0,225,0,122,0.6823679417122042,0.5127251332258732
presleep_stage1_hp_tiny_dropout40_wd1e3_seed2027,validation,0.1,0.5,0.5202558635394456,0.3515850144092219,1.0,0,225,0,122,0.6823679417122042,0.5127251332258732
presleep_stage1_hp_tiny_dropout40_wd1e3_seed2027,validation,0.11,0.5,0.5202558635394456,0.3515850144092219,1.0,0,225,0,122,0.6823679417122042,0.5127251332258732
presleep_stage1_hp_tiny_dropout40_wd1e3_seed2027,validation,0.12,0.5,0.5202558635394456,0.3515850144092219,1.0,0,225,0,122,0.6823679417122042,0.5127251332258732
presleep_stage1_hp_tiny_dropout40_wd1e3_seed2027,validation,0.13,0.5,0.5202558635394456,0.3515850144092219,1.0,0,225,0,122,0.6823679417122042,0.5127251332258732
presleep_stage1_hp_tiny_dropout40_wd1e3_seed2027,validation,0.14,0.5,0.5202558635394456,0.3515850144092219,1.0,0,225,0,122,0.6823679417122042,0.5127251332258732
presleep_stage1_hp_tiny_dropout40_wd1e3_seed2027,validation,0.15,0.5,0.5202558635394456,0.3515850144092219,1.0,0,225,0,122,0.6823679417122042,0.5127251332258732
presleep_stage1_hp_tiny_dropout40_wd1e3_seed2027,validation,0.16,0.5,0.5202558635394456,0.3515850144092219,1.0,0,225,0,122,0.6823679417122042,0.5127251332258732
presleep_stage1_hp_tiny_dropout40_wd1e3_seed2027,validation,0.17,0.5,0.5202558635394456,0.3515850144092219,1.0,0,225,0,122,0.6823679417122042,0.5127251332258732
presleep_stage1_hp_tiny_dropout40_wd1e3_seed2027,validation,0.18,0.5,0.5202558635394456,0.3515850144092219,1.0,0,225,0,122,0.6823679417122042,0.5127251332258732
presleep_stage1_hp_tiny_dropout40_wd1e3_seed2027,validation,0.19,0.5,0.5202558635394456,0.3515850144092219,1.0,0,225,0,122,0.6823679417122042,0.5127251332258732
presleep_stage1_hp_tiny_dropout40_wd1e3_seed2027,validation,0.2,0.5,0.5202558635394456,0.3515850144092219,1.0,0,225,0,122,0.6823679417122042,0.5127251332258732
presleep_stage1_hp_tiny_dropout40_wd1e3_seed2027,validation,0.21,0.5,0.5202558635394456,0.3515850144092219,1.0,0,225,0,122,0.6823679417122042,0.5127251332258732
presleep_stage1_hp_tiny_dropout40_wd1e3_seed2027,validation,0.22,0.4959016393442623,0.5170940170940171,0.34971098265895956,0.9918032786885246,0,225,1,121,0.6823679417122042,0.5127251332258732
presleep_stage1_hp_tiny_dropout40_wd1e3_seed2027,validation,0.23,0.5003460837887067,0.51931330472103,0.35174418604651164,0.9918032786885246,2,223,1,121,0.6823679417122042,0.5127251332258732
presleep_stage1_hp_tiny_dropout40_wd1e3_seed2027,validation,0.24,0.502568306010929,0.5204301075268817,0.35276967930029157,0.9918032786885246,3,222,1,121,0.6823679417122042,0.5127251332258732
presleep_stage1_hp_tiny_dropout40_wd1e3_seed2027,validation,0.25,0.5070127504553734,0.5226781857451404,0.3548387096774194,0.9918032786885246,5,220,1,121,0.6823679417122042,0.5127251332258732
presleep_stage1_hp_tiny_dropout40_wd1e3_seed2027,validation,0.26,0.5181238615664845,0.5283842794759825,0.3601190476190476,0.9918032786885246,10,215,1,121,0.6823679417122042,0.5127251332258732
presleep_stage1_hp_tiny_dropout40_wd1e3_seed2027,validation,0.27,0.5206921675774134,0.5286343612334802,0.3614457831325301,0.9836065573770492,13,212,2,120,0.6823679417122042,0.5127251332258732
presleep_stage1_hp_tiny_dropout40_wd1e3_seed2027,validation,0.28,0.5406921675774135,0.5393258426966292,0.3715170278637771,0.9836065573770492,22,203,2,120,0.6823679417122042,0.5127251332258732
presleep_stage1_hp_tiny_dropout40_wd1e3_seed2027,validation,0.29,0.5528415300546448,0.54292343387471,0.3786407766990291,0.9590163934426229,33,192,5,117,0.6823679417122042,0.5127251332258732
presleep_stage1_hp_tiny_dropout40_wd1e3_seed2027,validation,0.3,0.5668670309653916,0.548926014319809,0.3872053872053872,0.9426229508196722,43,182,7,115,0.6823679417122042,0.5127251332258732
presleep_stage1_hp_tiny_dropout40_wd1e3_seed2027,validation,0.31,0.5761020036429872,0.5533980582524272,0.3931034482758621,0.9344262295081968,49,176,8,114,0.6823679417122042,0.5127251332258732
presleep_stage1_hp_tiny_dropout40_wd1e3_seed2027,validation,0.32,0.5838069216757742,0.555,0.39928057553956836,0.9098360655737705,58,167,11,111,0.6823679417122042,0.5127251332258732
presleep_stage1_hp_tiny_dropout40_wd1e3_seed2027,validation,0.33,0.5833151183970856,0.5492227979274611,0.4015151515151515,0.8688524590163934,67,158,16,106,0.6823679417122042,0.5127251332258732
presleep_stage1_hp_tiny_dropout40_wd1e3_seed2027,validation,0.34,0.5913661202185793,0.5498652291105122,0.40963855421686746,0.8360655737704918,78,147,20,102,0.6823679417122042,0.5127251332258732
presleep_stage1_hp_tiny_dropout40_wd1e3_seed2027,validation,0.35,0.6139344262295082,0.5642458100558659,0.4279661016949153,0.8278688524590164,90,135,21,101,0.6823679417122042,0.5127251332258732
presleep_stage1_hp_tiny_dropout40_wd1e3_seed2027,validation,0.36,0.603023679417122,0.5481049562682215,0.4253393665158371,0.7704918032786885,98,127,28,94,0.6823679417122042,0.5127251332258732
presleep_stage1_hp_tiny_dropout40_wd1e3_seed2027,validation,0.37,0.6096903460837887,0.5529411764705883,0.43119266055045874,0.7704918032786885,101,124,28,94,0.6823679417122042,0.5127251332258732
presleep_stage1_hp_tiny_dropout40_wd1e3_seed2027,validation,0.38,0.6051001821493625,0.5415384615384615,0.43349753694581283,0.7213114754098361,110,115,34,88,0.6823679417122042,0.5127251332258732
presleep_stage1_hp_tiny_dropout40_wd1e3_seed2027,validation,0.39,0.6035701275045537,0.5375,0.43434343434343436,0.7049180327868853,113,112,36,86,0.6823679417122042,0.5127251332258732
presleep_stage1_hp_tiny_dropout40_wd1e3_seed2027,validation,0.4,0.6112750455373406,0.538961038961039,0.44623655913978494,0.680327868852459,122,103,39,83,0.6823679417122042,0.5127251332258732
presleep_stage1_hp_tiny_dropout40_wd1e3_seed2027,validation,0.41,0.615719489981785,0.5424836601307189,0.45108695652173914,0.680327868852459,124,101,39,83,0.6823679417122042,0.5127251332258732
presleep_stage1_hp_tiny_dropout40_wd1e3_seed2027,validation,0.42,0.6223861566484516,0.5478547854785478,0.4585635359116022,0.680327868852459,127,98,39,83,0.6823679417122042,0.5127251332258732
presleep_stage1_hp_tiny_dropout40_wd1e3_seed2027,validation,0.43,0.6271766848816029,0.5503355704697986,0.4659090909090909,0.6721311475409836,131,94,40,82,0.6823679417122042,0.5127251332258732
presleep_stage1_hp_tiny_dropout40_wd1e3_seed2027,validation,0.44,0.6297449908925319,0.5510204081632653,0.47093023255813954,0.6639344262295082,134,91,41,81,0.6823679417122042,0.5127251332258732
presleep_stage1_hp_tiny_dropout40_wd1e3_seed2027,validation,0.45,0.640856102003643,0.5605536332179931,0.48502994011976047,0.6639344262295082,139,86,41,81,0.6823679417122042,0.5127251332258732
presleep_stage1_hp_tiny_dropout40_wd1e3_seed2027,validation,0.46,0.6453005464480874,0.5644599303135889,0.4909090909090909,0.6639344262295082,141,84,41,81,0.6823679417122042,0.5127251332258732
presleep_stage1_hp_tiny_dropout40_wd1e3_seed2027,validation,0.47,0.6504371584699453,0.5663082437275986,0.5031847133757962,0.6475409836065574,147,78,43,79,0.6823679417122042,0.5127251332258732
presleep_stage1_hp_tiny_dropout40_wd1e3_seed2027,validation,0.48,0.6504371584699453,0.5663082437275986,0.5031847133757962,0.6475409836065574,147,78,43,79,0.6823679417122042,0.5127251332258732
presleep_stage1_hp_tiny_dropout40_wd1e3_seed2027,validation,0.49,0.6463387978142077,0.5611510791366906,0.5,0.639344262295082,147,78,44,78,0.6823679417122042,0.5127251332258732
presleep_stage1_hp_tiny_dropout40_wd1e3_seed2027,validation,0.5,0.6485610200364299,0.5631768953068592,0.5032258064516129,0.639344262295082,148,77,44,78,0.6823679417122042,0.5127251332258732
presleep_stage1_hp_tiny_dropout40_wd1e3_seed2027,validation,0.51,0.6596721311475411,0.5735294117647058,0.52,0.639344262295082,153,72,44,78,0.6823679417122042,0.5127251332258732
presleep_stage1_hp_tiny_dropout40_wd1e3_seed2027,validation,0.52,0.664808743169399,0.5757575757575758,0.5352112676056338,0.6229508196721312,159,66,46,76,0.6823679417122042,0.5127251332258732
presleep_stage1_hp_tiny_dropout40_wd1e3_seed2027,validation,0.53,0.6718214936247724,0.5813953488372093,0.5514705882352942,0.6147540983606558,164,61,47,75,0.6823679417122042,0.5127251332258732
presleep_stage1_hp_tiny_dropout40_wd1e3_seed2027,validation,0.54,0.6769581056466303,0.584,0.5703125,0.5983606557377049,170,55,49,73,0.6823679417122042,0.5127251332258732
presleep_stage1_hp_tiny_dropout40_wd1e3_seed2027,validation,0.55,0.6627868852459016,0.563265306122449,0.5609756097560976,0.5655737704918032,171,54,53,69,0.6823679417122042,0.5127251332258732
presleep_stage1_hp_tiny_dropout40_wd1e3_seed2027,validation,0.56,0.6552823315118397,0.5485232067510548,0.5652173913043478,0.5327868852459017,175,50,57,65,0.6823679417122042,0.5127251332258732
presleep_stage1_hp_tiny_dropout40_wd1e3_seed2027,validation,0.57,0.6515300546448087,0.5407725321888412,0.5675675675675675,0.5163934426229508,177,48,59,63,0.6823679417122042,0.5127251332258732
presleep_stage1_hp_tiny_dropout40_wd1e3_seed2027,validation,0.58,0.6540983606557378,0.5414847161572053,0.5794392523364486,0.5081967213114754,180,45,60,62,0.6823679417122042,0.5127251332258732
presleep_stage1_hp_tiny_dropout40_wd1e3_seed2027,validation,0.59,0.6257559198542805,0.4931506849315068,0.5567010309278351,0.4426229508196721,182,43,68,54,0.6823679417122042,0.5127251332258732
presleep_stage1_hp_tiny_dropout40_wd1e3_seed2027,validation,0.6,0.617559198542805,0.4792626728110599,0.5473684210526316,0.4262295081967213,182,43,70,52,0.6823679417122042,0.5127251332258732
presleep_stage1_hp_tiny_dropout40_wd1e3_seed2027,validation,0.61,0.605264116575592,0.45794392523364486,0.532608695652174,0.4016393442622951,182,43,73,49,0.6823679417122042,0.5127251332258732
presleep_stage1_hp_tiny_dropout40_wd1e3_seed2027,validation,0.62,0.605264116575592,0.45794392523364486,0.532608695652174,0.4016393442622951,182,43,73,49,0.6823679417122042,0.5127251332258732
presleep_stage1_hp_tiny_dropout40_wd1e3_seed2027,validation,0.63,0.6056102003642987,0.4549763033175355,0.5393258426966292,0.39344262295081966,184,41,74,48,0.6823679417122042,0.5127251332258732
presleep_stage1_hp_tiny_dropout40_wd1e3_seed2027,validation,0.64,0.5943533697632059,0.4221105527638191,0.5454545454545454,0.3442622950819672,190,35,80,42,0.6823679417122042,0.5127251332258732
presleep_stage1_hp_tiny_dropout40_wd1e3_seed2027,validation,0.65,0.592823315118397,0.41237113402061853,0.5555555555555556,0.32786885245901637,193,32,82,40,0.6823679417122042,0.5127251332258732
presleep_stage1_hp_tiny_dropout40_wd1e3_seed2027,validation,0.66,0.5737158469945355,0.3502824858757062,0.5636363636363636,0.2540983606557377,201,24,91,31,0.6823679417122042,0.5127251332258732
presleep_stage1_hp_tiny_dropout40_wd1e3_seed2027,validation,0.67,0.5687795992714025,0.3151515151515151,0.6046511627906976,0.21311475409836064,208,17,96,26,0.6823679417122042,0.5127251332258732
presleep_stage1_hp_tiny_dropout40_wd1e3_seed2027,validation,0.68,0.51959927140255,0.1830065359477124,0.45161290322580644,0.11475409836065574,208,17,108,14,0.6823679417122042,0.5127251332258732
presleep_stage1_hp_tiny_dropout40_wd1e3_seed2027,validation,0.69,0.5158469945355191,0.1610738255033557,0.4444444444444444,0.09836065573770492,210,15,110,12,0.6823679417122042,0.5127251332258732
presleep_stage1_hp_tiny_dropout40_wd1e3_seed2027,validation,0.7,0.512440801457195,0.1267605633802817,0.45,0.07377049180327869,214,11,113,9,0.6823679417122042,0.5127251332258732
presleep_stage1_hp_tiny_dropout40_wd1e3_seed2027,validation,0.71,0.5068123861566485,0.08823529411764706,0.42857142857142855,0.04918032786885246,217,8,116,6,0.6823679417122042,0.5127251332258732
presleep_stage1_hp_tiny_dropout40_wd1e3_seed2027,validation,0.72,0.5179234972677595,0.0916030534351145,0.6666666666666666,0.04918032786885246,222,3,116,6,0.6823679417122042,0.5127251332258732
presleep_stage1_hp_tiny_dropout40_wd1e3_seed2027,validation,0.73,0.5078506375227687,0.047244094488188976,0.6,0.02459016393442623,223,2,119,3,0.6823679417122042,0.5127251332258732
presleep_stage1_hp_tiny_dropout40_wd1e3_seed2027,validation,0.74,0.5059744990892532,0.032,0.6666666666666666,0.01639344262295082,224,1,120,2,0.6823679417122042,0.5127251332258732
presleep_stage1_hp_tiny_dropout40_wd1e3_seed2027,validation,0.75,0.5059744990892532,0.032,0.6666666666666666,0.01639344262295082,224,1,120,2,0.6823679417122042,0.5127251332258732
presleep_stage1_hp_tiny_dropout40_wd1e3_seed2027,validation,0.76,0.5081967213114754,0.03225806451612903,1.0,0.01639344262295082,225,0,120,2,0.6823679417122042,0.5127251332258732
presleep_stage1_hp_tiny_dropout40_wd1e3_seed2027,validation,0.77,0.5040983606557377,0.016260162601626018,1.0,0.00819672131147541,225,0,121,1,0.6823679417122042,0.5127251332258732
presleep_stage1_hp_tiny_dropout40_wd1e3_seed2027,validation,0.78,0.5040983606557377,0.016260162601626018,1.0,0.00819672131147541,225,0,121,1,0.6823679417122042,0.5127251332258732
presleep_stage1_hp_tiny_dropout40_wd1e3_seed2027,validation,0.79,0.5,0.0,0.0,0.0,225,0,122,0,0.6823679417122042,0.5127251332258732
presleep_stage1_hp_tiny_dropout40_wd1e3_seed2027,validation,0.8,0.5,0.0,0.0,0.0,225,0,122,0,0.6823679417122042,0.5127251332258732
presleep_stage1_hp_tiny_dropout40_wd1e3_seed2027,validation,0.81,0.5,0.0,0.0,0.0,225,0,122,0,0.6823679417122042,0.5127251332258732
presleep_stage1_hp_tiny_dropout40_wd1e3_seed2027,validation,0.82,0.5,0.0,0.0,0.0,225,0,122,0,0.6823679417122042,0.5127251332258732
presleep_stage1_hp_tiny_dropout40_wd1e3_seed2027,validation,0.83,0.5,0.0,0.0,0.0,225,0,122,0,0.6823679417122042,0.5127251332258732
presleep_stage1_hp_tiny_dropout40_wd1e3_seed2027,validation,0.84,0.5,0.0,0.0,0.0,225,0,122,0,0.6823679417122042,0.5127251332258732
presleep_stage1_hp_tiny_dropout40_wd1e3_seed2027,validation,0.85,0.5,0.0,0.0,0.0,225,0,122,0,0.6823679417122042,0.5127251332258732
presleep_stage1_hp_tiny_dropout40_wd1e3_seed2027,validation,0.86,0.5,0.0,0.0,0.0,225,0,122,0,0.6823679417122042,0.5127251332258732
presleep_stage1_hp_tiny_dropout40_wd1e3_seed2027,validation,0.87,0.5,0.0,0.0,0.0,225,0,122,0,0.6823679417122042,0.5127251332258732
presleep_stage1_hp_tiny_dropout40_wd1e3_seed2027,validation,0.88,0.5,0.0,0.0,0.0,225,0,122,0,0.6823679417122042,0.5127251332258732
presleep_stage1_hp_tiny_dropout40_wd1e3_seed2027,validation,0.89,0.5,0.0,0.0,0.0,225,0,122,0,0.6823679417122042,0.5127251332258732
presleep_stage1_hp_tiny_dropout40_wd1e3_seed2027,validation,0.9,0.5,0.0,0.0,0.0,225,0,122,0,0.6823679417122042,0.5127251332258732
presleep_stage1_hp_tiny_dropout40_wd1e3_seed2027,validation,0.91,0.5,0.0,0.0,0.0,225,0,122,0,0.6823679417122042,0.5127251332258732
presleep_stage1_hp_tiny_dropout40_wd1e3_seed2027,validation,0.92,0.5,0.0,0.0,0.0,225,0,122,0,0.6823679417122042,0.5127251332258732
presleep_stage1_hp_tiny_dropout40_wd1e3_seed2027,validation,0.93,0.5,0.0,0.0,0.0,225,0,122,0,0.6823679417122042,0.5127251332258732
presleep_stage1_hp_tiny_dropout40_wd1e3_seed2027,validation,0.94,0.5,0.0,0.0,0.0,225,0,122,0,0.6823679417122042,0.5127251332258732
presleep_stage1_hp_tiny_dropout40_wd1e3_seed2027,validation,0.95,0.5,0.0,0.0,0.0,225,0,122,0,0.6823679417122042,0.5127251332258732
presleep_stage1_hp_tiny_dropout40_wd1e3_seed2027,test,0.05,0.5,0.530442035029191,0.36095346197502837,1.0,0,563,0,318,0.6936950523364277,0.6186839297818052
presleep_stage1_hp_tiny_dropout40_wd1e3_seed2027,test,0.06,0.5,0.530442035029191,0.36095346197502837,1.0,0,563,0,318,0.6936950523364277,0.6186839297818052
presleep_stage1_hp_tiny_dropout40_wd1e3_seed2027,test,0.07,0.5,0.530442035029191,0.36095346197502837,1.0,0,563,0,318,0.6936950523364277,0.6186839297818052
presleep_stage1_hp_tiny_dropout40_wd1e3_seed2027,test,0.08,0.5,0.530442035029191,0.36095346197502837,1.0,0,563,0,318,0.6936950523364277,0.6186839297818052
presleep_stage1_hp_tiny_dropout40_wd1e3_seed2027,test,0.09,0.5,0.530442035029191,0.36095346197502837,1.0,0,563,0,318,0.6936950523364277,0.6186839297818052
presleep_stage1_hp_tiny_dropout40_wd1e3_seed2027,test,0.1,0.5,0.530442035029191,0.36095346197502837,1.0,0,563,0,318,0.6936950523364277,0.6186839297818052
presleep_stage1_hp_tiny_dropout40_wd1e3_seed2027,test,0.11,0.5,0.530442035029191,0.36095346197502837,1.0,0,563,0,318,0.6936950523364277,0.6186839297818052
presleep_stage1_hp_tiny_dropout40_wd1e3_seed2027,test,0.12,0.5,0.530442035029191,0.36095346197502837,1.0,0,563,0,318,0.6936950523364277,0.6186839297818052
presleep_stage1_hp_tiny_dropout40_wd1e3_seed2027,test,0.13,0.5,0.530442035029191,0.36095346197502837,1.0,0,563,0,318,0.6936950523364277,0.6186839297818052
presleep_stage1_hp_tiny_dropout40_wd1e3_seed2027,test,0.14,0.49842767295597484,0.5292153589315526,0.36022727272727273,0.9968553459119497,0,563,1,317,0.6936950523364277,0.6186839297818052
presleep_stage1_hp_tiny_dropout40_wd1e3_seed2027,test,0.15,0.49842767295597484,0.5292153589315526,0.36022727272727273,0.9968553459119497,0,563,1,317,0.6936950523364277,0.6186839297818052
presleep_stage1_hp_tiny_dropout40_wd1e3_seed2027,test,0.16,0.49842767295597484,0.5292153589315526,0.36022727272727273,0.9968553459119497,0,563,1,317,0.6936950523364277,0.6186839297818052
presleep_stage1_hp_tiny_dropout40_wd1e3_seed2027,test,0.17,0.49842767295597484,0.5292153589315526,0.36022727272727273,0.9968553459119497,0,563,1,317,0.6936950523364277,0.6186839297818052
presleep_stage1_hp_tiny_dropout40_wd1e3_seed2027,test,0.18,0.49842767295597484,0.5292153589315526,0.36022727272727273,0.9968553459119497,0,563,1,317,0.6936950523364277,0.6186839297818052
presleep_stage1_hp_tiny_dropout40_wd1e3_seed2027,test,0.19,0.49842767295597484,0.5292153589315526,0.36022727272727273,0.9968553459119497,0,563,1,317,0.6936950523364277,0.6186839297818052
presleep_stage1_hp_tiny_dropout40_wd1e3_seed2027,test,0.2,0.4968553459119497,0.5279866332497911,0.3594994311717861,0.9937106918238994,0,563,2,316,0.6936950523364277,0.6186839297818052
presleep_stage1_hp_tiny_dropout40_wd1e3_seed2027,test,0.21,0.49528301886792453,0.5267558528428093,0.35876993166287013,0.9905660377358491,0,563,3,315,0.6936950523364277,0.6186839297818052
presleep_stage1_hp_tiny_dropout40_wd1e3_seed2027,test,0.22,0.49528301886792453,0.5267558528428093,0.35876993166287013,0.9905660377358491,0,563,3,315,0.6936950523364277,0.6186839297818052
presleep_stage1_hp_tiny_dropout40_wd1e3_seed2027,test,0.23,0.49323033613727,0.5243697478991597,0.3577981651376147,0.9811320754716981,3,560,6,312,0.6936950523364277,0.6186839297818052
presleep_stage1_hp_tiny_dropout40_wd1e3_seed2027,test,0.24,0.49165800909324486,0.5231286795626577,0.35706084959816303,0.9779874213836478,3,560,7,311,0.6936950523364277,0.6186839297818052
presleep_stage1_hp_tiny_dropout40_wd1e3_seed2027,test,0.25,0.4900856820492197,0.5218855218855218,0.3563218390804598,0.9748427672955975,3,560,8,310,0.6936950523364277,0.6186839297818052
presleep_stage1_hp_tiny_dropout40_wd1e3_seed2027,test,0.26,0.49049342582973066,0.5211505922165821,0.35648148148148145,0.9685534591194969,7,556,10,308,0.6936950523364277,0.6186839297818052
presleep_stage1_hp_tiny_dropout40_wd1e3_seed2027,test,0.27,0.489124970675961,0.5195246179966044,0.3558139534883721,0.9622641509433962,9,554,12,306,0.6936950523364277,0.6186839297818052
presleep_stage1_hp_tiny_dropout40_wd1e3_seed2027,test,0.28,0.4879603874124468,0.5175064047822374,0.3552168815943728,0.9528301886792453,13,550,15,303,0.6936950523364277,0.6186839297818052
presleep_stage1_hp_tiny_dropout40_wd1e3_seed2027,test,0.29,0.49636102639722063,0.5207612456747405,0.35918854415274465,0.9465408805031447,26,537,17,301,0.6936950523364277,0.6186839297818052
presleep_stage1_hp_tiny_dropout40_wd1e3_seed2027,test,0.3,0.50270898265134,0.5215859030837005,0.3623011015911873,0.9308176100628931,42,521,22,296,0.6936950523364277,0.6186839297818052
presleep_stage1_hp_tiny_dropout40_wd1e3_seed2027,test,0.31,0.512813208664276,0.5239385727190605,0.36755386565272496,0.9119496855345912,64,499,28,290,0.6936950523364277,0.6186839297818052
presleep_stage1_hp_tiny_dropout40_wd1e3_seed2027,test,0.32,0.5273579320129138,0.5288640595903166,0.37566137566137564,0.8930817610062893,91,472,34,284,0.6936950523364277,0.6186839297818052
presleep_stage1_hp_tiny_dropout40_wd1e3_seed2027,test,0.33,0.5479154797412782,0.5380906460945034,0.38803894297635605,0.8773584905660378,123,440,39,279,0.6936950523364277,0.6186839297818052
presleep_stage1_hp_tiny_dropout40_wd1e3_seed2027,test,0.34,0.5701179664197862,0.5513833992094862,0.4020172910662824,0.8773584905660378,148,415,39,279,0.6936950523364277,0.6186839297818052
presleep_stage1_hp_tiny_dropout40_wd1e3_seed2027,test,0.35,0.5933398125495716,0.5637860082304527,0.41896024464831805,0.8616352201257862,183,380,44,274,0.6936950523364277,0.6186839297818052
presleep_stage1_hp_tiny_dropout40_wd1e3_seed2027,test,0.36,0.6060357250578102,0.567741935483871,0.43137254901960786,0.8301886792452831,215,348,54,264,0.6936950523364277,0.6186839297818052
presleep_stage1_hp_tiny_dropout40_wd1e3_seed2027,test,0.37,0.608889931521387,0.5630630630630631,0.43859649122807015,0.7861635220125787,243,320,68,250,0.6936950523364277,0.6186839297818052
presleep_stage1_hp_tiny_dropout40_wd1e3_seed2027,test,0.38,0.6133890769351074,0.5617715617715617,0.4462962962962963,0.7578616352201258,264,299,77,241,0.6936950523364277,0.6186839297818052
presleep_stage1_hp_tiny_dropout40_wd1e3_seed2027,test,0.39,0.6156316677279176,0.5575757575757576,0.4536489151873767,0.7232704402515723,286,277,88,230,0.6936950523364277,0.6186839297818052
presleep_stage1_hp_tiny_dropout40_wd1e3_seed2027,test,0.4,0.6187623579878683,0.5537294563843237,0.4630021141649049,0.6886792452830188,309,254,99,219,0.6936950523364277,0.6186839297818052
presleep_stage1_hp_tiny_dropout40_wd1e3_seed2027,test,0.41,0.6251103142419876,0.5558441558441558,0.47345132743362833,0.6729559748427673,325,238,104,214,0.6936950523364277,0.6186839297818052
presleep_stage1_hp_tiny_dropout40_wd1e3_seed2027,test,0.42,0.6358987678318084,0.5618279569892473,0.49061032863849763,0.6572327044025157,346,217,109,209,0.6936950523364277,0.6186839297818052
presleep_stage1_hp_tiny_dropout40_wd1e3_seed2027,test,0.43,0.6406743970419027,0.5623268698060941,0.5024752475247525,0.6383647798742138,362,201,115,203,0.6936950523364277,0.6186839297818052
presleep_stage1_hp_tiny_dropout40_wd1e3_seed2027,test,0.44,0.6454500262519969,0.5628571428571428,0.5157068062827225,0.6194968553459119,378,185,121,197,0.6936950523364277,0.6186839297818052
presleep_stage1_hp_tiny_dropout40_wd1e3_seed2027,test,0.45,0.6509098830389759,0.5647058823529412,0.5303867403314917,0.6037735849056604,393,170,126,192,0.6936950523364277,0.6186839297818052
presleep_stage1_hp_tiny_dropout40_wd1e3_seed2027,test,0.46,0.6492649440888323,0.5598802395209581,0.5342857142857143,0.5880503144654088,400,163,131,187,0.6936950523364277,0.6186839297818052
presleep_stage1_hp_tiny_dropout40_wd1e3_seed2027,test,0.47,0.6591652982115128,0.5660964230171073,0.56,0.5723270440251572,420,143,136,182,0.6936950523364277,0.6186839297818052
presleep_stage1_hp_tiny_dropout40_wd1e3_seed2027,test,0.48,0.6561519041075996,0.5582137161084529,0.5663430420711975,0.550314465408805,429,134,143,175,0.6936950523364277,0.6186839297818052
presleep_stage1_hp_tiny_dropout40_wd1e3_seed2027,test,0.49,0.6529346381134309,0.5504885993485342,0.5709459459459459,0.5314465408805031,436,127,149,169,0.6936950523364277,0.6186839297818052
presleep_stage1_hp_tiny_dropout40_wd1e3_seed2027,test,0.5,0.6432241920529062,0.5333333333333333,0.5673758865248227,0.5031446540880503,441,122,158,160,0.6936950523364277,0.6186839297818052
presleep_stage1_hp_tiny_dropout40_wd1e3_seed2027,test,0.51,0.6402107979489929,0.523972602739726,0.575187969924812,0.4811320754716981,450,113,165,153,0.6936950523364277,0.6186839297818052
presleep_stage1_hp_tiny_dropout40_wd1e3_seed2027,test,0.52,0.6454667828457165,0.5255731922398589,0.5983935742971888,0.46855345911949686,463,100,169,149,0.6936950523364277,0.6186839297818052
presleep_stage1_hp_tiny_dropout40_wd1e3_seed2027,test,0.53,0.6518147390998358,0.5274725274725275,0.631578947368421,0.4528301886792453,479,84,174,144,0.6936950523364277,0.6186839297818052
presleep_stage1_hp_tiny_dropout40_wd1e3_seed2027,test,0.54,0.6492090887764335,0.5152671755725191,0.6553398058252428,0.42452830188679247,492,71,183,135,0.6936950523364277,0.6186839297818052
presleep_stage1_hp_tiny_dropout40_wd1e3_seed2027,test,0.55,0.6468073103432868,0.501002004008016,0.6906077348066298,0.39308176100628933,507,56,193,125,0.6936950523364277,0.6186839297818052
presleep_stage1_hp_tiny_dropout40_wd1e3_seed2027,test,0.56,0.6396885507780645,0.47558386411889597,0.7320261437908496,0.3522012578616352,522,41,206,112,0.6936950523364277,0.6186839297818052
presleep_stage1_hp_tiny_dropout40_wd1e3_seed2027,test,0.57,0.6333266306958455,0.45614035087719296,0.7536231884057971,0.3270440251572327,529,34,214,104,0.6936950523364277,0.6186839297818052
presleep_stage1_hp_tiny_dropout40_wd1e3_seed2027,test,0.58,0.6227280851681803,0.4288939051918736,0.76,0.29874213836477986,533,30,223,95,0.6936950523364277,0.6186839297818052
presleep_stage1_hp_tiny_dropout40_wd1e3_seed2027,test,0.59,0.6208792743277813,0.41935483870967744,0.7844827586206896,0.2861635220125786,538,25,227,91,0.6936950523364277,0.6186839297818052
presleep_stage1_hp_tiny_dropout40_wd1e3_seed2027,test,0.6,0.6111688282672565,0.3904761904761905,0.803921568627451,0.2578616352201258,543,20,236,82,0.6936950523364277,0.6186839297818052
presleep_stage1_hp_tiny_dropout40_wd1e3_seed2027,test,0.61,0.6061753633388072,0.37163814180929094,0.8351648351648352,0.2389937106918239,548,15,242,76,0.6936950523364277,0.6186839297818052
presleep_stage1_hp_tiny_dropout40_wd1e3_seed2027,test,0.62,0.5845705285029659,0.30848329048843187,0.8450704225352113,0.18867924528301888,552,11,258,60,0.6936950523364277,0.6186839297818052
presleep_stage1_hp_tiny_dropout40_wd1e3_seed2027,test,0.63,0.5721957840410201,0.2698412698412698,0.85,0.16037735849056603,554,9,267,51,0.6936950523364277,0.6186839297818052
presleep_stage1_hp_tiny_dropout40_wd1e3_seed2027,test,0.64,0.5629656936671247,0.23848238482384823,0.8627450980392157,0.13836477987421383,556,7,274,44,0.6936950523364277,0.6186839297818052
presleep_stage1_hp_tiny_dropout40_wd1e3_seed2027,test,0.65,0.5488147502708983,0.19444444444444445,0.8333333333333334,0.11006289308176101,556,7,283,35,0.6936950523364277,0.6186839297818052
presleep_stage1_hp_tiny_dropout40_wd1e3_seed2027,test,0.66,0.5303545695231073,0.12280701754385964,0.875,0.0660377358490566,560,3,297,21,0.6936950523364277,0.6186839297818052
presleep_stage1_hp_tiny_dropout40_wd1e3_seed2027,test,0.67,0.5209206072589564,0.08928571428571429,0.8333333333333334,0.04716981132075472,560,3,303,15,0.6936950523364277,0.6186839297818052
presleep_stage1_hp_tiny_dropout40_wd1e3_seed2027,test,0.68,0.516203626126881,0.07207207207207207,0.8,0.03773584905660377,560,3,306,12,0.6936950523364277,0.6186839297818052
presleep_stage1_hp_tiny_dropout40_wd1e3_seed2027,test,0.69,0.5132628439290862,0.054878048780487805,0.9,0.02830188679245283,562,1,309,9,0.6936950523364277,0.6186839297818052
presleep_stage1_hp_tiny_dropout40_wd1e3_seed2027,test,0.7,0.5085458627970106,0.036923076923076927,0.8571428571428571,0.018867924528301886,562,1,312,6,0.6936950523364277,0.6186839297818052
presleep_stage1_hp_tiny_dropout40_wd1e3_seed2027,test,0.71,0.5069735357529855,0.030864197530864196,0.8333333333333334,0.015723270440251572,562,1,313,5,0.6936950523364277,0.6186839297818052
presleep_stage1_hp_tiny_dropout40_wd1e3_seed2027,test,0.72,0.5069735357529855,0.030864197530864196,0.8333333333333334,0.015723270440251572,562,1,313,5,0.6936950523364277,0.6186839297818052
presleep_stage1_hp_tiny_dropout40_wd1e3_seed2027,test,0.73,0.5069735357529855,0.030864197530864196,0.8333333333333334,0.015723270440251572,562,1,313,5,0.6936950523364277,0.6186839297818052
presleep_stage1_hp_tiny_dropout40_wd1e3_seed2027,test,0.74,0.5078616352201258,0.030959752321981424,1.0,0.015723270440251572,563,0,313,5,0.6936950523364277,0.6186839297818052
presleep_stage1_hp_tiny_dropout40_wd1e3_seed2027,test,0.75,0.5047169811320755,0.018691588785046728,1.0,0.009433962264150943,563,0,315,3,0.6936950523364277,0.6186839297818052
presleep_stage1_hp_tiny_dropout40_wd1e3_seed2027,test,0.76,0.5031446540880503,0.0125,1.0,0.006289308176100629,563,0,316,2,0.6936950523364277,0.6186839297818052
presleep_stage1_hp_tiny_dropout40_wd1e3_seed2027,test,0.77,0.5031446540880503,0.0125,1.0,0.006289308176100629,563,0,316,2,0.6936950523364277,0.6186839297818052
presleep_stage1_hp_tiny_dropout40_wd1e3_seed2027,test,0.78,0.5031446540880503,0.0125,1.0,0.006289308176100629,563,0,316,2,0.6936950523364277,0.6186839297818052
presleep_stage1_hp_tiny_dropout40_wd1e3_seed2027,test,0.79,0.5031446540880503,0.0125,1.0,0.006289308176100629,563,0,316,2,0.6936950523364277,0.6186839297818052
presleep_stage1_hp_tiny_dropout40_wd1e3_seed2027,test,0.8,0.5031446540880503,0.0125,1.0,0.006289308176100629,563,0,316,2,0.6936950523364277,0.6186839297818052
presleep_stage1_hp_tiny_dropout40_wd1e3_seed2027,test,0.81,0.5031446540880503,0.0125,1.0,0.006289308176100629,563,0,316,2,0.6936950523364277,0.6186839297818052
presleep_stage1_hp_tiny_dropout40_wd1e3_seed2027,test,0.82,0.5015723270440252,0.006269592476489028,1.0,0.0031446540880503146,563,0,317,1,0.6936950523364277,0.6186839297818052
presleep_stage1_hp_tiny_dropout40_wd1e3_seed2027,test,0.83,0.5,0.0,0.0,0.0,563,0,318,0,0.6936950523364277,0.6186839297818052
presleep_stage1_hp_tiny_dropout40_wd1e3_seed2027,test,0.84,0.5,0.0,0.0,0.0,563,0,318,0,0.6936950523364277,0.6186839297818052
presleep_stage1_hp_tiny_dropout40_wd1e3_seed2027,test,0.85,0.5,0.0,0.0,0.0,563,0,318,0,0.6936950523364277,0.6186839297818052
presleep_stage1_hp_tiny_dropout40_wd1e3_seed2027,test,0.86,0.5,0.0,0.0,0.0,563,0,318,0,0.6936950523364277,0.6186839297818052
presleep_stage1_hp_tiny_dropout40_wd1e3_seed2027,test,0.87,0.5,0.0,0.0,0.0,563,0,318,0,0.6936950523364277,0.6186839297818052
presleep_stage1_hp_tiny_dropout40_wd1e3_seed2027,test,0.88,0.5,0.0,0.0,0.0,563,0,318,0,0.6936950523364277,0.6186839297818052
presleep_stage1_hp_tiny_dropout40_wd1e3_seed2027,test,0.89,0.5,0.0,0.0,0.0,563,0,318,0,0.6936950523364277,0.6186839297818052
presleep_stage1_hp_tiny_dropout40_wd1e3_seed2027,test,0.9,0.5,0.0,0.0,0.0,563,0,318,0,0.6936950523364277,0.6186839297818052
presleep_stage1_hp_tiny_dropout40_wd1e3_seed2027,test,0.91,0.5,0.0,0.0,0.0,563,0,318,0,0.6936950523364277,0.6186839297818052
presleep_stage1_hp_tiny_dropout40_wd1e3_seed2027,test,0.92,0.5,0.0,0.0,0.0,563,0,318,0,0.6936950523364277,0.6186839297818052
presleep_stage1_hp_tiny_dropout40_wd1e3_seed2027,test,0.93,0.5,0.0,0.0,0.0,563,0,318,0,0.6936950523364277,0.6186839297818052
presleep_stage1_hp_tiny_dropout40_wd1e3_seed2027,test,0.94,0.5,0.0,0.0,0.0,563,0,318,0,0.6936950523364277,0.6186839297818052
presleep_stage1_hp_tiny_dropout40_wd1e3_seed2027,test,0.95,0.5,0.0,0.0,0.0,563,0,318,0,0.6936950523364277,0.6186839297818052
